id,avgspeed,cars
151,15.0,2
173,29.0,2
174,70.0,1
196,95.0,3
241,71.0,1
248,0.0,1
265,52.0,1
349,13.0,1
448,28.0,1
631,68.0,1
643,38.0,1
646,31.0,1
667,9.0,1
744,33.0,1
745,41.0,1
746,46.0,2
752,5.0,2
760,39.0,1
844,0.0,0
845,0.0,1
846,32.0,2
852,0.0,1
868,18.0,1
872,58.0,1
890,105.0,1
900,34.0,1
944,33.0,3
945,20.0,1
953,25.0,2
1029,60.0,1
1041,70.0,1
1044,23.0,4
1045,24.0,2
1048,0.0,1
1068,20.0,1
1070,0.0,1
1072,63.0,1
1099,18.0,1
1144,41.0,1
1145,0.0,1
1150,0.0,1
1151,0.0,1
1156,0.0,1
1168,4.0,1
1169,0.0,1
1170,0.0,0
1185,71.0,2
1187,102.0,1
1197,0.0,0
1247,6.0,3
1248,0.0,1
1251,28.0,1
1253,32.0,3
1268,65.0,1
1277,83.0,1
1280,73.0,1
1281,68.0,1
1282,81.0,1
1285,42.0,2
1287,100.0,1
1298,23.0,3
1345,47.0,1
1347,0.0,1
1349,10.0,1
1351,33.0,1
1353,84.0,1
1354,51.0,2
1368,75.0,2
1374,100.0,4
1386,66.0,1
1443,66.0,2
1446,3.0,4
1447,10.0,1
1449,0.0,1
1450,0.0,0
1451,94.0,4
1455,28.0,1
1468,87.0,1
1483,0.0,0
1543,12.0,6
1546,0.0,1
1549,73.0,1
1554,30.0,5
1555,19.0,5
1556,27.0,2
1557,75.0,3
1558,63.0,2
1568,81.0,1
1569,83.0,1
1583,7.0,2
1585,75.0,1
1593,42.0,1
1595,2.0,1
1608,52.0,1
1643,59.0,2
1647,58.0,3
1648,92.0,1
1649,46.0,1
1651,65.0,1
1652,0.0,0
1655,5.0,9
1656,0.0,2
1660,95.0,1
1662,99.0,2
1663,80.0,2
1666,60.0,1
1667,79.0,3
1684,83.0,1
1697,3.0,2
1744,63.0,1
1750,46.0,1
1755,23.0,1
1756,22.0,2
1783,60.0,1
1784,112.0,1
1794,25.0,2
1795,17.0,1
1843,113.0,1
1844,66.0,2
1847,13.0,5
1854,21.0,1
1867,60.0,1
1883,86.0,1
1891,0.0,0
1893,38.0,1
1894,0.0,1
1895,0.0,0
1940,91.0,1
1941,91.0,1
1954,49.0,2
1955,55.0,1
1967,54.0,2
1983,116.0,1
1990,0.0,0
1992,1.0,6
2046,32.0,2
2054,26.0,2
2090,4.0,1
2094,50.0,1
2140,54.0,1
2145,86.0,1
2146,2.0,1
2147,4.0,4
2149,47.0,1
2155,2.0,1
2184,71.0,1
2187,0.0,2
2191,33.0,1
2192,44.0,1
2235,108.0,1
2242,0.0,1
2245,68.0,4
2246,11.0,4
2247,5.0,6
2254,23.0,1
2255,60.0,1
2289,0.0,1
2290,23.0,1
2292,54.0,1
2305,65.0,1
2335,87.0,2
2339,44.0,1
2341,0.0,0
2342,29.0,1
2346,50.0,4
2347,13.0,2
2348,4.0,4
2353,36.0,1
2375,55.0,1
2387,54.0,1
2409,46.0,1
2446,76.0,1
2448,0.0,1
2450,0.0,1
2456,1.0,1
2457,0.0,1
2484,44.0,1
2485,0.0,0
2486,22.0,2
2512,43.0,2
2530,81.0,1
2531,92.0,1
2532,88.0,2
2541,31.0,1
2550,68.0,1
2553,0.0,0
2554,0.0,1
2555,0.0,2
2608,46.0,1
2614,50.0,2
2629,94.0,2
2630,80.0,2
2638,0.0,0
2647,99.0,1
2654,33.0,1
2681,78.0,1
2711,58.0,3
2721,55.0,1
2726,91.0,1
2728,91.0,1
2731,49.0,1
2755,34.0,3
2784,92.0,1
2818,70.0,2
2820,33.0,2
2825,83.0,4
2838,17.0,2
2848,112.0,1
2851,58.0,1
2853,36.0,1
2855,58.0,2
2856,0.0,0
2876,25.0,1
2886,28.0,1
2890,4.0,1
2914,33.0,1
2915,38.0,2
2920,25.0,2
2921,36.0,2
2924,72.0,4
2934,75.0,1
2937,0.0,1
2948,78.0,1
2955,49.0,1
2983,24.0,2
2984,2.0,1
3020,0.0,1
3024,70.0,4
3036,26.0,1
3037,31.0,1
3049,113.0,2
3084,0.0,0
3114,47.0,1
3117,0.0,1
3118,60.0,1
3123,42.0,1
3124,50.0,1
3136,29.0,1
3137,34.0,1
3139,3.0,1
3153,46.0,1
3156,47.0,1
3165,52.0,2
3178,121.0,1
3189,76.0,1
3193,44.0,3
3194,2.0,2
3195,2.0,2
3219,52.0,1
3220,22.0,2
3221,0.0,1
3223,78.0,1
3225,55.0,1
3236,0.0,1
3238,36.0,3
3252,0.0,0
3253,52.0,1
3255,0.0,1
3256,41.0,3
3267,10.0,1
3290,44.0,1
3293,47.0,1
3297,62.0,2
3321,0.0,3
3322,38.0,1
3323,13.0,3
3324,9.0,2
3328,0.0,1
3329,57.0,1
3332,0.0,1
3333,14.0,2
3335,44.0,3
3351,94.0,3
3353,0.0,1
3354,13.0,3
3355,0.0,1
3356,8.0,3
3379,0.0,1
3383,0.0,1
3393,25.0,1
3399,59.0,2
3400,116.0,1
3415,0.0,1
3416,39.0,1
3417,47.0,3
3422,57.0,3
3423,11.0,5
3424,25.0,6
3425,5.0,7
3431,28.0,2
3432,44.0,2
3433,23.0,1
3439,0.0,0
3447,0.0,0
3454,13.0,1
3456,0.0,2
3463,1.0,1
3468,7.0,1
3487,36.0,1
3522,76.0,1
3523,0.0,0
3524,0.0,0
3525,2.0,5
3526,18.0,1
3527,0.0,0
3534,38.0,1
3536,0.0,2
3537,0.0,0
3546,35.0,2
3552,0.0,1
3554,52.0,1
3565,17.0,2
3577,76.0,1
3581,89.0,1
3625,27.0,2
3626,7.0,2
3627,2.0,23
3628,6.0,4
3633,28.0,4
3635,30.0,2
3645,23.0,1
3655,41.0,1
3656,25.0,1
3658,2.0,1
3663,0.0,0
3664,26.0,1
3665,15.0,6
3675,91.0,1
3676,83.0,1
3682,99.0,1
3693,41.0,1
3728,0.0,2
3730,11.0,2
3732,0.0,1
3733,39.0,1
3734,10.0,1
3735,0.0,0
3736,44.0,1
3752,40.0,2
3753,12.0,1
3755,47.0,1
3756,21.0,3
3758,0.0,3
3765,18.0,2
3774,87.0,1
3781,54.0,1
3786,0.0,1
3792,0.0,0
3826,15.0,2
3830,0.0,1
3831,0.0,2
3837,49.0,1
3838,50.0,1
3844,29.0,1
3847,0.0,1
3848,0.0,1
3850,16.0,3
3851,34.0,3
3853,0.0,2
3854,8.0,3
3855,26.0,2
3856,5.0,1
3858,19.0,2
3859,29.0,5
3860,11.0,4
3861,9.0,5
3862,46.0,1
3863,33.0,1
3882,96.0,2
3911,58.0,1
3921,115.0,1
3927,17.0,1
3929,15.0,1
3933,44.0,1
3939,18.0,1
3943,33.0,1
3946,0.0,0
3947,27.0,3
3948,33.0,1
3949,0.0,1
3955,47.0,2
3958,0.0,0
3959,17.0,1
3960,0.0,0
3962,1.0,1
3964,28.0,1
3966,65.0,1
3968,38.0,2
3971,12.0,2
4006,63.0,1
4027,0.0,1
4029,20.0,1
4035,44.0,1
4038,0.0,1
4042,35.0,2
4046,12.0,9
4048,15.0,1
4050,0.0,1
4058,39.0,1
4062,28.0,1
4068,7.0,3
4069,32.0,2
4071,41.0,1
4102,62.0,2
4108,62.0,1
4110,15.0,1
4136,27.0,1
4137,21.0,1
4143,44.0,1
4150,28.0,2
4152,18.0,3
4153,30.0,2
4154,16.0,5
4155,25.0,2
4157,27.0,5
4158,13.0,3
4159,25.0,1
4162,9.0,1
4163,13.0,2
4164,21.0,1
4169,0.0,1
4171,11.0,4
4172,47.0,1
4183,78.0,1
4192,54.0,1
4210,1.0,2
4211,52.0,3
4222,84.0,1
4230,39.0,1
4237,2.0,1
4238,15.0,2
4239,12.0,3
4243,12.0,1
4248,33.0,2
4249,15.0,1
4250,25.0,3
4251,13.0,1
4252,10.0,1
4256,21.0,1
4259,17.0,3
4260,59.0,2
4261,46.0,1
4262,25.0,6
4263,17.0,4
4264,25.0,2
4266,0.0,1
4267,21.0,2
4268,21.0,1
4269,0.0,0
4282,13.0,2
4283,97.0,1
4308,13.0,1
4309,46.0,1
4329,0.0,1
4336,39.0,1
4341,47.0,1
4342,20.0,1
4343,36.0,1
4345,26.0,1
4346,0.0,0
4347,34.0,2
4348,7.0,3
4352,20.0,1
4357,21.0,1
4358,10.0,1
4359,17.0,1
4362,28.0,1
4363,0.0,0
4364,17.0,1
4365,20.0,1
4366,26.0,1
4367,0.0,1
4370,38.0,1
4371,16.0,2
4383,115.0,1
4410,38.0,1
4420,0.0,0
4422,83.0,2
4429,0.0,0
4436,0.0,0
4442,16.0,2
4444,23.0,2
4445,0.0,1
4447,9.0,1
4448,2.0,3
4454,38.0,1
4458,34.0,1
4461,2.0,1
4462,19.0,3
4463,0.0,3
4464,13.0,1
4465,12.0,3
4466,33.0,1
4467,16.0,2
4469,23.0,1
4470,21.0,1
4471,9.0,6
4482,84.0,2
4507,41.0,1
4520,36.0,1
4522,84.0,3
4525,34.0,1
4526,41.0,1
4528,54.0,1
4529,1.0,1
4530,0.0,0
4535,17.0,1
4541,5.0,1
4544,10.0,5
4546,21.0,3
4548,7.0,5
4550,25.0,1
4555,10.0,1
4556,13.0,3
4557,21.0,1
4558,21.0,3
4559,0.0,1
4564,11.0,7
4566,9.0,4
4567,23.0,1
4568,29.0,2
4571,0.0,1
4611,50.0,1
4617,55.0,1
4623,0.0,0
4625,75.0,1
4626,30.0,7
4627,0.0,3
4628,0.0,1
4633,57.0,1
4635,38.0,3
4643,4.0,1
4644,0.0,1
4646,44.0,1
4647,12.0,2
4648,15.0,2
4651,13.0,3
4653,8.0,1
4654,7.0,3
4655,0.0,1
4656,29.0,1
4659,0.0,0
4663,0.0,1
4664,20.0,1
4666,0.0,1
4667,19.0,2
4671,58.0,1
4679,33.0,1
4681,57.0,1
4682,81.0,1
4694,94.0,1
4717,50.0,1
4718,46.0,1
4720,37.0,3
4721,52.0,1
4722,52.0,1
4723,19.0,2
4724,29.0,2
4727,16.0,2
4728,7.0,6
4735,31.0,3
4737,7.0,4
4738,0.0,1
4747,12.0,3
4748,0.0,1
4749,17.0,2
4750,12.0,2
4751,1.0,2
4752,4.0,1
4753,22.0,2
4755,2.0,2
4757,21.0,1
4758,2.0,1
4760,31.0,1
4761,7.0,5
4765,18.0,7
4767,42.0,1
4769,11.0,9
4771,0.0,2
4773,0.0,1
4777,0.0,2
4779,31.0,1
4822,102.0,1
4825,0.0,0
4827,22.0,3
4829,17.0,1
4830,0.0,1
4833,0.0,0
4837,0.0,0
4838,47.0,1
4839,21.0,1
4840,0.0,1
4843,29.0,2
4848,26.0,3
4849,0.0,1
4850,0.0,0
4851,29.0,3
4853,11.0,6
4855,5.0,1
4856,2.0,1
4857,0.0,1
4858,21.0,2
4860,7.0,3
4863,0.0,0
4865,37.0,2
4868,33.0,3
4869,4.0,1
4871,2.0,1
4872,52.0,1
4876,31.0,1
4880,103.0,1
4905,54.0,1
4924,18.0,1
4928,0.0,0
4929,5.0,1
4933,4.0,1
4935,34.0,1
4940,41.0,2
4941,0.0,1
4942,7.0,3
4949,50.0,1
4950,4.0,2
4951,15.0,3
4952,0.0,1
4954,19.0,3
4957,23.0,3
4959,18.0,1
4960,16.0,2
4964,34.0,1
4965,20.0,2
4966,15.0,8
4968,25.0,3
4969,33.0,3
4970,5.0,7
4971,13.0,6
4972,2.0,1
4973,20.0,1
4975,0.0,2
4976,7.0,1
4977,42.0,1
4978,36.0,2
4981,58.0,1
4982,54.0,1
4986,66.0,1
4987,65.0,2
4988,42.0,1
4989,7.0,2
5026,41.0,1
5027,26.0,1
5028,0.0,0
5035,58.0,1
5042,8.0,1
5044,13.0,1
5046,36.0,1
5047,20.0,2
5048,33.0,2
5051,22.0,2
5052,3.0,3
5053,0.0,1
5054,25.0,1
5057,0.0,1
5060,0.0,0
5063,29.0,3
5065,8.0,3
5066,14.0,8
5067,7.0,6
5068,25.0,1
5069,31.0,3
5070,3.0,3
5072,0.0,1
5073,10.0,3
5074,27.0,2
5079,48.0,3
5089,0.0,1
5134,3.0,1
5139,17.0,5
5142,12.0,1
5145,0.0,3
5148,33.0,3
5149,33.0,1
5150,1.0,4
5152,8.0,6
5153,9.0,1
5155,29.0,2
5156,21.0,2
5157,20.0,1
5162,8.0,2
5163,2.0,1
5165,41.0,1
5166,12.0,1
5167,12.0,1
5168,13.0,2
5169,19.0,4
5170,23.0,1
5171,33.0,3
5172,38.0,1
5180,66.0,2
5236,21.0,2
5239,27.0,2
5242,13.0,3
5243,18.0,1
5244,7.0,1
5245,23.0,1
5246,0.0,1
5247,0.0,0
5248,12.0,1
5250,17.0,8
5252,17.0,5
5253,10.0,1
5254,23.0,3
5255,12.0,2
5256,10.0,2
5257,12.0,2
5262,5.0,5
5263,3.0,7
5265,13.0,5
5266,0.0,2
5267,9.0,2
5268,33.0,3
5269,5.0,5
5270,0.0,0
5271,0.0,1
5272,50.0,1
5273,0.0,1
5274,18.0,3
5275,11.0,2
5308,49.0,1
5323,84.0,4
5324,46.0,1
5327,12.0,2
5333,12.0,1
5334,31.0,2
5338,21.0,2
5339,6.0,3
5342,3.0,6
5343,0.0,0
5344,10.0,1
5347,0.0,1
5348,11.0,3
5349,19.0,3
5350,27.0,3
5351,42.0,1
5353,20.0,2
5354,10.0,3
5355,31.0,2
5357,0.0,1
5362,7.0,1
5363,3.0,6
5364,25.0,1
5365,13.0,1
5367,15.0,1
5369,0.0,4
5375,4.0,1
5376,18.0,1
5381,0.0,1
5409,54.0,1
5433,28.0,1
5436,7.0,1
5437,1.0,2
5441,0.0,0
5443,12.0,1
5444,31.0,2
5445,5.0,7
5446,13.0,2
5447,16.0,2
5448,31.0,4
5451,14.0,2
5453,24.0,3
5454,34.0,1
5457,34.0,2
5459,31.0,1
5462,0.0,2
5463,15.0,1
5464,11.0,4
5465,9.0,2
5466,13.0,1
5467,20.0,2
5468,21.0,1
5469,2.0,1
5472,28.0,1
5473,0.0,1
5475,15.0,1
5477,18.0,1
5479,6.0,3
5518,0.0,0
5524,44.0,1
5535,0.0,1
5537,6.0,1
5539,2.0,1
5544,0.0,1
5545,19.0,2
5546,0.0,1
5547,16.0,3
5548,13.0,3
5550,31.0,3
5551,0.0,2
5553,0.0,1
5557,12.0,3
5560,33.0,1
5561,14.0,2
5562,0.0,1
5565,9.0,17
5567,29.0,1
5568,9.0,2
5569,38.0,1
5571,40.0,3
5573,28.0,1
5578,0.0,1
5580,0.0,1
5581,71.0,2
5589,36.0,2
5613,65.0,1
5616,54.0,1
5622,79.0,1
5623,81.0,1
5635,18.0,4
5638,23.0,1
5639,20.0,1
5641,4.0,1
5642,1.0,3
5643,8.0,3
5645,49.0,1
5647,49.0,2
5650,17.0,1
5651,25.0,2
5652,0.0,0
5657,0.0,1
5663,46.0,1
5664,16.0,4
5665,0.0,1
5666,29.0,1
5669,3.0,3
5673,33.0,1
5674,46.0,1
5678,52.0,1
5679,0.0,0
5686,0.0,3
5694,28.0,1
5696,28.0,1
5717,25.0,1
5731,0.0,2
5741,15.0,1
5745,17.0,2
5746,18.0,1
5747,0.0,1
5750,0.0,0
5751,9.0,1
5753,13.0,2
5754,31.0,1
5755,0.0,1
5756,12.0,1
5757,39.0,1
5759,0.0,1
5762,25.0,5
5763,17.0,3
5764,13.0,4
5765,9.0,3
5766,0.0,2
5767,16.0,2
5771,35.0,2
5775,0.0,1
5779,17.0,3
5780,34.0,1
5800,36.0,2
5831,33.0,1
5837,3.0,2
5838,26.0,1
5844,5.0,9
5846,5.0,1
5847,25.0,1
5850,10.0,1
5851,31.0,1
5854,21.0,2
5856,11.0,3
5857,15.0,1
5860,16.0,3
5863,16.0,5
5866,8.0,2
5867,7.0,2
5869,13.0,4
5871,0.0,1
5872,0.0,1
5873,22.0,3
5875,17.0,1
5877,6.0,4
5878,0.0,1
5879,11.0,4
5883,73.0,1
5886,16.0,4
5920,86.0,1
5926,21.0,2
5936,0.0,1
5937,21.0,1
5943,24.0,3
5944,15.0,7
5948,46.0,1
5952,2.0,2
5953,7.0,12
5954,0.0,1
5956,0.0,1
5957,6.0,4
5961,28.0,2
5963,36.0,1
5965,14.0,5
5966,6.0,2
5968,15.0,1
5969,6.0,2
5970,10.0,3
5971,25.0,2
5973,36.0,1
5974,21.0,2
5975,33.0,1
5980,80.0,2
5987,0.0,1
5988,18.0,5
6016,31.0,1
6020,44.0,1
6024,0.0,1
6031,65.0,1
6036,0.0,7
6042,29.0,1
6043,36.0,1
6044,36.0,3
6045,16.0,7
6047,2.0,1
6049,0.0,0
6050,47.0,2
6051,0.0,1
6052,9.0,1
6053,17.0,1
6054,35.0,2
6055,0.0,3
6056,18.0,3
6057,17.0,6
6059,1.0,4
6060,0.0,1
6061,0.0,2
6062,1.0,2
6064,5.0,2
6065,6.0,7
6066,34.0,1
6067,0.0,1
6068,0.0,1
6069,6.0,2
6072,13.0,3
6074,20.0,2
6075,5.0,2
6080,95.0,2
6114,0.0,0
6115,31.0,1
6116,29.0,1
6119,85.0,2
6140,10.0,7
6141,34.0,1
6143,0.0,1
6145,0.0,1
6149,9.0,3
6152,31.0,2
6153,9.0,4
6154,15.0,1
6155,2.0,2
6157,33.0,2
6159,20.0,1
6160,0.0,1
6162,38.0,1
6163,31.0,4
6164,2.0,1
6165,1.0,1
6167,0.0,0
6168,17.0,5
6171,17.0,2
6172,18.0,3
6173,0.0,1
6174,0.0,2
6175,5.0,3
6179,28.0,1
6201,39.0,1
6206,39.0,1
6207,35.0,2
6208,55.0,1
6213,31.0,1
6215,23.0,1
6216,36.0,1
6218,7.0,1
6219,31.0,5
6221,49.0,3
6235,0.0,0
6236,14.0,5
6237,42.0,1
6240,28.0,3
6244,29.0,5
6245,0.0,0
6248,2.0,1
6250,29.0,2
6252,0.0,1
6253,38.0,1
6259,18.0,1
6260,22.0,2
6261,33.0,3
6263,17.0,1
6264,7.0,3
6267,0.0,1
6271,33.0,1
6275,0.0,1
6277,0.0,0
6284,29.0,3
6296,2.0,1
6302,62.0,1
6309,36.0,3
6311,39.0,1
6312,33.0,2
6319,91.0,2
6330,26.0,1
6334,21.0,1
6335,4.0,1
6342,43.0,3
6344,6.0,2
6345,25.0,1
6348,31.0,3
6353,2.0,1
6358,18.0,1
6360,34.0,1
6362,44.0,1
6364,0.0,0
6371,20.0,1
6372,11.0,4
6375,29.0,2
6376,28.0,1
6379,0.0,1
6384,57.0,1
6404,42.0,1
6413,66.0,1
6419,28.0,1
6422,17.0,1
6432,2.0,1
6436,0.0,1
6442,2.0,1
6445,8.0,4
6446,5.0,1
6447,15.0,1
6449,65.0,1
6460,1.0,2
6461,12.0,1
6463,0.0,1
6464,1.0,2
6472,0.0,2
6474,28.0,1
6475,12.0,1
6481,91.0,2
6484,36.0,1
6489,0.0,1
6510,0.0,0
6532,23.0,1
6533,0.0,0
6534,0.0,0
6537,46.0,1
6540,9.0,1
6541,68.0,1
6542,55.0,1
6543,0.0,7
6544,20.0,2
6546,14.0,5
6548,0.0,0
6549,2.0,2
6550,54.0,2
6556,0.0,2
6558,3.0,4
6559,44.0,1
6561,22.0,3
6562,50.0,1
6564,2.0,1
6570,6.0,3
6573,25.0,2
6585,41.0,1
6589,52.0,1
6611,10.0,1
6616,84.0,1
6617,60.0,1
6619,76.0,3
6621,99.0,1
6630,46.0,1
6634,40.0,2
6640,29.0,2
6642,29.0,1
6644,11.0,3
6645,0.0,0
6648,25.0,1
6650,52.0,1
6651,55.0,2
6653,26.0,2
6654,21.0,1
6655,0.0,1
6656,0.0,1
6657,5.0,2
6658,23.0,2
6659,27.0,6
6660,4.0,3
6670,3.0,3
6673,0.0,1
6675,44.0,1
6676,0.0,1
6681,71.0,1
6696,21.0,3
6697,0.0,0
6709,20.0,2
6718,41.0,1
6719,83.0,2
6729,18.0,1
6732,36.0,1
6740,9.0,6
6741,23.0,2
6745,0.0,1
6746,26.0,4
6747,9.0,1
6751,50.0,1
6758,5.0,1
6759,28.0,2
6762,21.0,1
6766,26.0,3
6770,9.0,2
6775,29.0,1
6776,56.0,2
6785,33.0,1
6791,14.0,1
6832,13.0,3
6842,1.0,2
6843,21.0,4
6845,0.0,1
6846,0.0,0
6852,26.0,1
6855,10.0,1
6860,0.0,2
6861,0.0,1
6869,0.0,0
6876,17.0,1
6882,81.0,1
6886,44.0,1
6893,18.0,3
6927,71.0,2
6928,23.0,4
6935,34.0,1
6936,21.0,1
6937,0.0,0
6940,84.0,1
6943,18.0,5
6958,58.0,3
6963,53.0,2
6964,0.0,1
6967,0.0,1
6970,33.0,1
6978,38.0,1
6980,0.0,1
6985,3.0,2
6993,0.0,7
6995,0.0,1
7006,20.0,1
7018,46.0,2
7027,78.0,1
7028,46.0,1
7029,0.0,1
7030,12.0,1
7032,46.0,1
7039,0.0,1
7040,67.0,2
7041,58.0,1
7042,33.0,2
7043,0.0,1
7053,1.0,1
7055,0.0,2
7056,11.0,2
7063,35.0,3
7070,15.0,2
7071,31.0,3
7077,17.0,2
7079,49.0,2
7083,72.0,2
7086,17.0,1
7095,0.0,0
7102,0.0,1
7104,0.0,1
7106,96.0,2
7118,74.0,2
7126,0.0,1
7128,27.0,3
7129,31.0,1
7140,65.0,3
7141,0.0,1
7142,36.0,1
7143,18.0,1
7161,0.0,0
7166,28.0,1
7179,10.0,1
7180,99.0,1
7183,94.0,1
7205,54.0,1
7212,118.0,1
7218,91.0,1
7226,54.0,1
7227,0.0,0
7239,9.0,1
7240,42.0,1
7243,49.0,1
7250,46.0,1
7254,20.0,1
7264,38.0,3
7265,29.0,1
7271,4.0,1
7275,50.0,1
7279,16.0,1
7281,70.0,1
7283,8.0,2
7297,18.0,1
7298,13.0,3
7307,42.0,1
7317,39.0,6
7318,55.0,4
7319,58.0,5
7320,6.0,3
7342,31.0,1
7343,28.0,2
7349,31.0,1
7350,70.0,1
7364,0.0,2
7365,71.0,2
7371,18.0,1
7373,0.0,1
7374,41.0,1
7379,21.0,1
7381,0.0,3
7382,24.0,3
7384,26.0,5
7385,14.0,6
7389,63.0,1
7391,13.0,1
7393,49.0,1
7397,5.0,5
7398,10.0,4
7407,36.0,1
7417,86.0,1
7418,28.0,2
7420,45.0,1
7423,29.0,3
7424,6.0,5
7425,10.0,3
7426,2.0,3
7428,13.0,1
7429,18.0,1
7432,35.0,3
7433,87.0,1
7434,5.0,2
7436,46.0,2
7437,78.0,1
7438,39.0,5
7439,21.0,2
7445,15.0,1
7452,42.0,1
7453,34.0,1
7454,0.0,1
7455,0.0,0
7456,47.0,1
7461,13.0,1
7465,38.0,1
7466,14.0,3
7471,0.0,1
7478,23.0,6
7483,42.0,1
7485,44.0,2
7496,9.0,1
7497,20.0,1
7498,5.0,4
7500,21.0,3
7520,0.0,0
7522,0.0,0
7523,0.0,1
7525,21.0,8
7535,40.0,3
7536,53.0,2
7537,13.0,6
7538,25.0,2
7539,0.0,1
7542,46.0,1
7544,13.0,1
7545,0.0,0
7549,13.0,1
7550,9.0,1
7556,0.0,1
7557,23.0,1
7565,25.0,1
7578,42.0,2
7584,94.0,2
7616,78.0,2
7621,0.0,2
7626,31.0,1
7636,31.0,2
7638,31.0,3
7639,21.0,1
7642,5.0,4
7644,0.0,1
7646,14.0,2
7647,0.0,1
7648,52.0,1
7653,38.0,1
7661,27.0,2
7662,0.0,0
7664,23.0,1
7666,57.0,2
7667,33.0,1
7672,0.0,1
7677,35.0,2
7678,41.0,1
7684,81.0,1
7686,17.0,1
7716,84.0,1
7720,12.0,7
7725,39.0,1
7726,73.0,1
7733,83.0,1
7734,79.0,1
7735,8.0,1
7739,7.0,1
7740,41.0,6
7746,15.0,3
7747,2.0,3
7754,34.0,1
7755,58.0,1
7760,8.0,2
7766,31.0,1
7769,0.0,0
7772,0.0,2
7778,34.0,1
7788,33.0,1
7795,63.0,1
7811,0.0,1
7816,63.0,1
7817,80.0,3
7819,10.0,1
7832,84.0,2
7833,106.0,2
7835,0.0,1
7836,4.0,4
7841,28.0,2
7842,0.0,1
7848,39.0,1
7852,0.0,2
7854,0.0,3
7855,26.0,1
7860,0.0,0
7866,52.0,1
7867,58.0,1
7870,0.0,0
7899,0.0,1
7909,10.0,1
7912,0.0,1
7919,25.0,2
7920,0.0,2
7921,9.0,1
7932,0.0,0
7935,46.0,1
7943,73.0,1
7946,38.0,1
7952,18.0,1
7953,36.0,2
7955,0.0,2
7961,31.0,1
7967,66.0,2
7968,0.0,1
7973,11.0,2
7977,0.0,1
7979,7.0,1
7980,47.0,1
7987,13.0,2
7988,14.0,3
7989,0.0,1
7990,30.0,3
7993,8.0,2
7994,13.0,3
8000,47.0,1
8008,28.0,1
8010,34.0,1
8011,0.0,1
8012,20.0,1
8016,79.0,1
8028,71.0,1
8033,52.0,1
8034,0.0,1
8035,39.0,1
8036,12.0,2
8044,37.0,4
8046,28.0,1
8051,0.0,1
8052,60.0,2
8061,0.0,2
8067,13.0,1
8073,4.0,4
8074,34.0,1
8081,32.0,3
8083,76.0,1
8084,54.0,1
8085,68.0,1
8086,0.0,0
8087,26.0,2
8089,0.0,1
8092,32.0,2
8093,0.0,1
8094,0.0,1
8095,38.0,1
8110,5.0,1
8112,6.0,2
8114,42.0,1
8129,83.0,2
8134,0.0,2
8135,40.0,3
8136,0.0,1
8138,33.0,1
8145,39.0,1
8146,48.0,5
8154,10.0,1
8162,12.0,1
8167,71.0,1
8168,65.0,1
8169,31.0,3
8170,0.0,0
8172,0.0,0
8175,0.0,1
8176,5.0,7
8177,18.0,1
8181,58.0,1
8185,54.0,1
8186,56.0,4
8187,0.0,1
8190,18.0,4
8191,29.0,1
8192,0.0,3
8208,17.0,2
8209,34.0,1
8220,21.0,1
8227,113.0,1
8228,100.0,1
8229,58.0,1
8233,4.0,5
8235,15.0,1
8247,48.0,3
8251,13.0,4
8256,54.0,1
8261,49.0,1
8268,30.0,2
8269,7.0,4
8271,38.0,2
8272,20.0,4
8273,47.0,1
8280,18.0,2
8281,0.0,1
8284,71.0,1
8286,118.0,1
8287,65.0,1
8289,9.0,1
8290,18.0,2
8291,20.0,1
8292,49.0,1
8304,39.0,1
8310,0.0,1
8314,71.0,1
8317,108.0,1
8326,0.0,1
8336,0.0,3
8337,52.0,1
8342,38.0,1
8344,0.0,0
8345,29.0,2
8347,26.0,2
8348,60.0,1
8349,34.0,6
8350,4.0,2
8351,19.0,3
8352,9.0,1
8358,15.0,1
8360,31.0,1
8361,11.0,1
8362,28.0,1
8363,25.0,1
8368,5.0,5
8369,30.0,4
8371,33.0,1
8379,0.0,1
8380,47.0,1
8387,79.0,1
8388,91.0,1
8390,25.0,1
8393,54.0,2
8404,0.0,1
8409,0.0,3
8425,86.0,1
8437,41.0,1
8444,28.0,1
8449,63.0,1
8450,45.0,2
8451,76.0,3
8452,86.0,1
8454,55.0,1
8462,34.0,1
8469,52.0,1
8472,10.0,1
8473,0.0,1
8474,17.0,2
8477,29.0,2
8478,33.0,2
8484,76.0,1
8486,0.0,1
8493,12.0,3
8511,38.0,1
8512,32.0,2
8515,0.0,2
8516,95.0,1
8523,117.0,3
8545,38.0,1
8550,54.0,2
8551,1.0,2
8552,47.0,2
8555,26.0,1
8557,60.0,1
8560,5.0,1
8561,4.0,4
8562,21.0,1
8569,72.0,3
8575,0.0,1
8576,0.0,1
8578,0.0,2
8591,21.0,2
8592,89.0,1
8593,68.0,1
8596,89.0,1
8597,80.0,2
8606,0.0,1
8608,0.0,2
8622,89.0,2
8635,27.0,2
8652,41.0,2
8653,32.0,3
8655,38.0,1
8661,0.0,1
8669,71.0,1
8672,18.0,1
8673,0.0,1
8675,0.0,1
8677,37.0,2
8688,13.0,2
8692,19.0,2
8698,100.0,1
8703,60.0,1
8720,113.0,1
8721,124.0,1
8733,0.0,0
8739,0.0,1
8741,91.0,1
8750,70.0,2
8755,55.0,1
8756,50.0,4
8759,0.0,2
8772,0.0,1
8773,0.0,3
8774,21.0,1
8776,0.0,1
8783,73.0,1
8789,0.0,1
8792,20.0,1
8816,63.0,1
8835,36.0,1
8844,68.0,1
8850,76.0,3
8856,47.0,1
8857,92.0,1
8858,29.0,3
8859,81.0,1
8870,6.0,9
8871,60.0,1
8872,2.0,1
8874,29.0,2
8875,16.0,3
8876,20.0,1
8912,57.0,1
8918,70.0,1
8923,9.0,1
8925,5.0,1
8946,91.0,1
8952,36.0,1
8954,21.0,2
8955,29.0,2
8961,0.0,1
8962,66.0,1
8970,33.0,1
8971,11.0,4
8973,21.0,2
8974,38.0,1
8981,33.0,2
8982,36.0,1
9013,47.0,1
9016,33.0,1
9017,66.0,3
9032,36.0,1
9033,0.0,1
9038,15.0,1
9051,25.0,1
9056,42.0,1
9057,10.0,8
9062,13.0,1
9063,102.0,1
9066,45.0,2
9067,47.0,1
9069,48.0,5
9073,24.0,6
9074,0.0,3
9075,79.0,2
9078,29.0,1
9082,34.0,1
9085,10.0,1
9088,0.0,0
9115,58.0,1
9116,57.0,3
9123,6.0,1
9144,44.0,2
9156,20.0,1
9164,0.0,0
9170,36.0,2
9173,23.0,4
9174,28.0,3
9175,65.0,1
9176,0.0,1
9177,70.0,1
9184,60.0,1
9214,84.0,1
9221,42.0,1
9233,0.0,1
9234,0.0,0
9256,2.0,1
9261,21.0,1
9272,0.0,2
9275,21.0,2
9276,68.0,2
9278,5.0,2
9279,40.0,3
9283,0.0,2
9319,39.0,1
9321,4.0,1
9322,9.0,1
9325,21.0,1
9326,25.0,2
9343,16.0,1
9358,46.0,1
9368,20.0,1
9376,58.0,2
9380,12.0,1
9381,99.0,2
9383,9.0,2
9406,0.0,1
9411,99.0,1
9412,123.0,1
9422,47.0,1
9445,71.0,1
9468,13.0,1
9471,28.0,1
9472,41.0,1
9476,41.0,1
9486,50.0,1
9535,0.0,0
9543,15.0,1
9551,41.0,2
9555,0.0,1
9572,46.0,1
9577,44.0,6
9605,23.0,1
9607,17.0,2
9644,22.0,2
9655,81.0,1
9663,0.0,2
9674,5.0,1
9677,0.0,1
9679,79.0,1
9706,46.0,1
9707,83.0,1
9717,75.0,1
9723,0.0,1
9752,5.0,1
9755,35.0,2
9756,30.0,3
9763,38.0,1
9765,0.0,0
9777,27.0,3
9822,42.0,1
9824,0.0,1
9838,60.0,1
9841,0.0,0
9854,0.0,1
9865,66.0,1
9866,29.0,1
9870,44.0,1
9872,9.0,2
9905,64.0,2
9906,34.0,1
9922,0.0,1
9923,0.0,0
9924,13.0,1
9937,42.0,1
9944,0.0,2
9951,20.0,1
9956,79.0,1
9958,0.0,0
9969,49.0,1
9972,46.0,1
49,57.0,1
51,42.0,1
64,0.0,0
71,13.0,1
97,110.0,1
