id,speed,cars
5,64.0,41
13,35.0,21
14,43.0,25
15,52.0,44
16,68.0,34
17,67.0,24
18,66.0,23
19,39.0,50
20,28.0,12
27,50.0,2
28,23.0,1
33,30.0,6
34,69.0,36
35,115.0,184
40,54.0,253
46,29.0,8
47,37.0,25
48,33.0,52
49,29.0,208
50,12.0,38
51,34.0,108
62,54.0,1
63,38.0,478
64,34.0,247
70,22.0,28
71,21.0,82
72,23.0,57
73,24.0,57
74,58.0,179
75,57.0,12
81,59.0,10
96,80.0,77
97,90.0,233
98,33.0,179
99,51.0,132
100,49.0,78
105,66.0,3
106,70.0,14
112,47.0,1
113,27.0,9
114,27.0,3
115,64.0,8
119,11.0,27
130,38.0,2
131,48.0,2
132,16.0,24
133,38.0,56
134,44.0,10
135,114.0,153
136,115.0,77
140,58.0,166
141,55.0,94
147,26.0,15
148,16.0,16
149,33.0,203
150,11.0,8
151,29.0,141
152,38.0,105
162,67.0,194
163,59.0,11
164,39.0,179
165,43.0,91
166,54.0,1
167,42.0,1
170,23.0,53
171,18.0,48
172,20.0,99
173,29.0,262
174,52.0,216
180,51.0,10
181,84.0,1
195,78.0,2
196,102.0,270
197,61.0,13
200,50.0,176
206,74.0,21
213,14.0,15
214,19.0,5
220,63.0,1
225,54.0,1
233,41.0,60
234,13.0,7
236,113.0,256
241,49.0,312
247,8.0,49
248,23.0,66
249,40.0,182
250,29.0,163
251,17.0,88
252,44.0,96
261,68.0,173
262,73.0,24
264,9.0,9
265,41.0,146
266,41.0,90
267,48.0,3
268,21.0,7
269,9.0,1
270,50.0,26
271,13.0,32
272,15.0,7
273,47.0,128
274,58.0,242
275,41.0,138
276,54.0,81
277,71.0,68
278,69.0,45
279,23.0,6
280,30.0,12
295,107.0,250
296,108.0,10
300,31.0,6
306,73.0,19
313,18.0,1
314,38.0,24
322,36.0,1
323,71.0,1
332,3.0,3
333,38.0,85
336,117.0,59
337,115.0,151
340,51.0,44
341,41.0,488
348,39.0,131
349,39.0,64
350,40.0,27
351,41.0,125
352,40.0,230
358,11.0,4
359,20.0,23
360,61.0,163
361,67.0,37
365,25.0,8
366,55.0,164
367,45.0,35
368,46.0,34
369,36.0,51
370,44.0,102
371,68.0,11
372,57.0,26
373,59.0,177
374,76.0,1
377,20.0,9
378,69.0,22
379,68.0,66
380,47.0,5
394,109.0,227
395,106.0,76
399,30.0,5
400,25.0,3
406,77.0,28
413,61.0,5
414,60.0,8
432,18.0,12
433,41.0,132
434,47.0,70
435,50.0,33
436,14.0,22
437,110.0,187
438,83.0,90
439,58.0,92
440,55.0,44
441,49.0,38
442,44.0,317
447,53.0,36
448,40.0,167
449,20.0,155
450,40.0,37
451,37.0,19
452,52.0,14
453,53.0,129
459,33.0,16
460,38.0,241
464,15.0,1
465,42.0,4
466,50.0,152
467,43.0,5
469,51.0,60
471,66.0,44
472,61.0,51
473,67.0,141
479,60.0,61
480,73.0,29
490,71.0,1
493,107.0,135
494,108.0,117
498,29.0,1
499,47.0,3
505,86.0,6
506,74.0,22
513,69.0,8
532,53.0,46
533,31.0,52
534,25.0,10
535,35.0,83
536,49.0,104
537,56.0,89
538,100.0,312
539,31.0,8
540,45.0,3
542,41.0,402
543,17.0,45
547,53.0,163
549,42.0,33
550,48.0,11
552,33.0,140
553,40.0,154
554,62.0,28
555,64.0,20
556,65.0,34
557,63.0,29
558,65.0,30
559,40.0,63
560,31.0,303
563,39.0,12
564,50.0,11
565,27.0,3
566,52.0,43
567,49.0,95
568,45.0,34
569,49.0,64
572,62.0,7
573,68.0,131
580,72.0,79
581,76.0,12
582,23.0,1
592,107.0,82
593,107.0,168
597,41.0,3
598,48.0,4
606,77.0,33
612,52.0,1
613,54.0,7
631,71.0,15
632,63.0,47
635,7.0,1
638,116.0,48
639,114.0,157
641,24.0,5
642,39.0,278
643,38.0,231
644,20.0,10
646,53.0,122
647,60.0,8
652,43.0,180
653,12.0,13
655,21.0,1
657,18.0,10
658,25.0,90
659,27.0,55
660,36.0,179
661,2.0,1
662,24.0,15
663,33.0,4
664,54.0,1
665,41.0,22
666,30.0,65
667,33.0,317
668,32.0,318
669,50.0,107
670,61.0,102
671,68.0,82
672,67.0,138
673,74.0,3
681,74.0,71
682,70.0,39
691,109.0,35
692,107.0,234
693,32.0,7
694,45.0,3
695,43.0,5
696,34.0,5
697,26.0,2
706,69.0,18
712,51.0,9
714,66.0,1
715,45.0,4
731,70.0,60
739,114.0,183
740,115.0,42
741,50.0,1
743,38.0,434
744,33.0,129
745,48.0,50
746,35.0,301
748,9.0,25
749,11.0,4
751,6.0,5
752,14.0,217
753,22.0,464
754,6.0,3
755,15.0,16
756,26.0,20
757,25.0,96
758,26.0,44
759,30.0,151
760,24.0,207
761,31.0,1
762,26.0,8
765,32.0,12
766,34.0,43
767,37.0,83
768,23.0,113
769,7.0,2
772,66.0,231
773,49.0,54
782,72.0,50
783,71.0,28
790,84.0,1
791,106.0,280
800,61.0,150
805,34.0,1
806,73.0,26
811,45.0,5
812,57.0,3
816,15.0,5
830,71.0,46
831,16.0,33
840,112.0,228
843,37.0,378
844,30.0,41
845,34.0,62
846,32.0,188
847,27.0,186
848,22.0,39
850,21.0,1
851,31.0,53
852,25.0,119
853,26.0,495
854,24.0,20
855,23.0,10
856,27.0,32
857,27.0,51
858,13.0,22
859,32.0,339
860,23.0,13
863,8.0,2
864,29.0,17
865,23.0,20
866,26.0,114
867,21.0,276
868,14.0,167
869,20.0,3
872,64.0,208
883,71.0,63
890,102.0,243
891,97.0,33
899,64.0,105
900,65.0,127
901,69.0,14
905,55.0,1
906,55.0,37
911,54.0,9
929,69.0,9
930,72.0,41
931,57.0,1
933,2.0,1
940,112.0,169
941,112.0,71
943,33.0,19
944,34.0,490
945,22.0,456
946,20.0,53
947,29.0,144
948,34.0,197
949,36.0,88
950,40.0,80
951,40.0,18
952,29.0,87
953,33.0,363
954,41.0,28
955,26.0,134
956,20.0,74
957,24.0,27
958,41.0,281
959,47.0,12
960,36.0,37
961,38.0,1
964,5.0,7
965,5.0,9
966,19.0,93
967,20.0,312
968,19.0,120
969,21.0,76
970,18.0,18
971,20.0,17
972,66.0,195
983,70.0,85
989,100.0,213
990,94.0,107
994,29.0,4
995,12.0,1
998,33.0,204
999,52.0,193
1002,61.0,9
1003,70.0,14
1004,53.0,22
1005,29.0,27
1006,44.0,50
1010,59.0,8
1028,25.0,1
1029,63.0,39
1030,26.0,8
1031,29.0,6
1033,35.0,4
1034,22.0,5
1039,25.0,1
1040,40.0,2
1041,107.0,223
1044,31.0,674
1045,33.0,334
1046,29.0,348
1047,39.0,174
1048,25.0,378
1049,22.0,75
1050,13.0,23
1051,19.0,29
1052,17.0,44
1053,29.0,497
1054,36.0,32
1055,27.0,99
1056,26.0,211
1057,46.0,219
1058,46.0,67
1061,39.0,15
1066,26.0,92
1067,31.0,135
1068,24.0,288
1069,29.0,109
1070,31.0,84
1071,30.0,15
1072,64.0,224
1083,67.0,31
1084,64.0,63
1087,95.0,92
1088,98.0,198
1089,97.0,151
1093,42.0,1
1095,10.0,4
1097,45.0,37
1098,29.0,548
1099,18.0,284
1105,44.0,19
1106,37.0,46
1107,32.0,7
1110,50.0,11
1116,17.0,1
1128,36.0,24
1129,49.0,55
1130,24.0,6
1132,30.0,7
1137,47.0,3
1138,35.0,2
1139,37.0,2
1141,97.0,232
1142,54.0,68
1143,47.0,76
1144,31.0,367
1145,42.0,202
1147,34.0,2
1148,20.0,672
1149,24.0,493
1150,27.0,244
1151,30.0,365
1152,29.0,340
1153,29.0,588
1154,38.0,77
1155,21.0,59
1156,30.0,397
1157,28.0,142
1160,54.0,7
1161,53.0,7
1166,26.0,60
1168,32.0,202
1169,27.0,34
1170,52.0,76
1171,69.0,237
1172,69.0,46
1184,63.0,103
1185,67.0,73
1186,102.0,122
1187,109.0,60
1188,114.0,100
1189,64.0,4
1193,53.0,2
1197,26.0,801
1198,20.0,126
1199,31.0,104
1200,19.0,196
1205,57.0,19
1206,63.0,29
1207,25.0,7
1210,54.0,9
1215,12.0,3
1228,67.0,47
1236,20.0,1
1237,50.0,1
1239,28.0,1
1241,74.0,91
1242,99.0,217
1245,48.0,380
1246,10.0,4
1247,18.0,45
1248,19.0,566
1249,21.0,550
1250,26.0,606
1251,33.0,275
1252,46.0,155
1253,32.0,565
1254,31.0,103
1255,33.0,416
1256,22.0,83
1259,38.0,13
1260,41.0,48
1265,56.0,38
1266,45.0,70
1267,44.0,65
1268,37.0,291
1269,78.0,178
1270,78.0,172
1276,100.0,3
1277,100.0,333
1278,99.0,355
1279,96.0,426
1280,88.0,437
1281,91.0,458
1282,89.0,428
1283,89.0,450
1284,76.0,538
1285,51.0,959
1286,67.0,391
1287,106.0,132
1288,53.0,34
1289,63.0,119
1290,66.0,102
1291,64.0,81
1292,29.0,1
1293,54.0,6
1296,58.0,222
1297,22.0,81
1298,24.0,528
1299,42.0,59
1300,38.0,3
1306,49.0,57
1307,29.0,11
1309,60.0,7
1310,43.0,3
1315,13.0,2
1327,70.0,32
1328,71.0,10
1332,15.0,1
1336,28.0,4
1341,68.0,53
1342,88.0,265
1345,44.0,402
1346,30.0,128
1347,24.0,493
1348,20.0,757
1349,23.0,210
1350,21.0,133
1351,27.0,230
1352,4.0,1
1353,95.0,115
1354,40.0,886
1355,35.0,145
1356,27.0,65
1357,50.0,47
1358,51.0,44
1359,40.0,43
1360,46.0,41
1361,59.0,38
1362,59.0,42
1363,61.0,20
1364,52.0,14
1365,51.0,48
1368,70.0,340
1369,51.0,128
1373,103.0,9
1374,99.0,371
1375,97.0,452
1376,100.0,398
1377,96.0,78
1382,20.0,2
1383,25.0,2
1384,38.0,54
1385,35.0,265
1386,77.0,663
1387,56.0,109
1388,53.0,99
1389,36.0,6
1390,17.0,2
1391,63.0,39
1392,41.0,187
1395,68.0,157
1396,64.0,63
1397,35.0,76
1398,34.0,80
1399,43.0,125
1403,2.0,6
1404,29.0,3
1405,42.0,1
1406,47.0,63
1408,57.0,1
1409,57.0,7
1413,34.0,1
1414,9.0,3
1427,74.0,48
1431,23.0,6
1432,7.0,1
1434,36.0,1
1435,33.0,3
1441,69.0,55
1442,76.0,130
1443,64.0,205
1445,23.0,15
1446,26.0,1012
1447,24.0,255
1448,26.0,110
1449,25.0,474
1450,28.0,277
1451,94.0,531
1452,90.0,518
1453,90.0,346
1454,72.0,780
1455,52.0,1702
1456,77.0,727
1457,50.0,127
1463,57.0,35
1464,40.0,76
1467,64.0,5
1468,74.0,264
1470,84.0,1
1471,96.0,348
1472,100.0,435
1473,99.0,429
1474,96.0,25
1482,14.0,12
1483,32.0,166
1484,34.0,384
1485,85.0,614
1486,78.0,129
1487,50.0,8
1488,51.0,3
1490,10.0,1
1492,54.0,65
1493,57.0,158
1494,68.0,117
1495,54.0,120
1496,15.0,66
1497,25.0,229
1499,44.0,94
1506,53.0,56
1507,58.0,2
1508,62.0,14
1512,44.0,1
1515,38.0,1
1526,74.0,24
1527,61.0,20
1530,29.0,1
1531,40.0,3
1532,41.0,2
1533,17.0,4
1534,28.0,8
1540,47.0,1
1541,66.0,59
1542,8.0,2
1543,36.0,730
1546,32.0,776
1547,13.0,9
1548,95.0,35
1549,76.0,787
1550,92.0,497
1551,75.0,9
1553,29.0,400
1554,31.0,1821
1555,19.0,467
1556,43.0,634
1557,71.0,889
1558,89.0,561
1559,92.0,208
1567,67.0,398
1568,85.0,510
1569,96.0,433
1570,95.0,411
1571,100.0,62
1580,35.0,3
1581,46.0,5
1582,19.0,16
1583,31.0,458
1584,77.0,487
1585,86.0,172
1586,50.0,2
1587,52.0,11
1591,31.0,21
1592,18.0,34
1593,50.0,311
1594,62.0,152
1595,9.0,22
1596,27.0,187
1597,28.0,100
1598,21.0,22
1599,29.0,198
1600,5.0,1
1606,56.0,11
1607,63.0,51
1608,66.0,14
1626,70.0,44
1627,26.0,8
1628,23.0,11
1629,32.0,4
1630,38.0,5
1634,29.0,2
1635,2.0,1
1641,70.0,65
1643,70.0,329
1646,60.0,260
1647,58.0,1411
1648,82.0,539
1649,50.0,215
1650,60.0,20
1651,46.0,294
1652,35.0,421
1653,31.0,147
1654,46.0,534
1655,14.0,1404
1656,14.0,944
1657,33.0,3
1659,90.0,325
1660,89.0,511
1661,94.0,515
1662,92.0,475
1663,93.0,472
1664,91.0,498
1665,91.0,515
1666,87.0,552
1667,73.0,836
1668,33.0,104
1669,10.0,2
1670,15.0,2
1678,40.0,7
1679,38.0,10
1680,32.0,20
1681,32.0,29
1682,23.0,212
1683,32.0,723
1684,84.0,564
1685,2.0,1
1686,50.0,6
1692,24.0,312
1693,44.0,411
1694,32.0,107
1695,31.0,263
1696,37.0,153
1697,18.0,39
1698,41.0,71
1699,47.0,91
1706,70.0,7
1707,78.0,2
1708,71.0,37
1709,77.0,2
1725,67.0,22
1726,63.0,22
1734,65.0,5
1741,70.0,52
1743,63.0,186
1744,63.0,360
1745,72.0,777
1746,75.0,660
1747,53.0,507
1748,46.0,145
1749,31.0,725
1750,51.0,332
1751,38.0,152
1752,26.0,204
1753,17.0,116
1754,43.0,584
1755,42.0,181
1756,36.0,271
1757,65.0,1
1767,50.0,481
1768,21.0,91
1769,15.0,18
1777,12.0,1
1778,19.0,23
1779,29.0,8
1780,30.0,19
1781,50.0,4
1782,31.0,66
1783,80.0,386
1784,61.0,485
1785,27.0,212
1786,26.0,10
1791,23.0,85
1792,20.0,789
1793,20.0,185
1794,25.0,268
1795,25.0,143
1796,44.0,56
1797,43.0,109
1798,51.0,29
1807,72.0,18
1809,75.0,32
1825,76.0,34
1834,42.0,5
1841,70.0,54
1842,82.0,67
1843,67.0,829
1844,63.0,1169
1845,58.0,97
1846,44.0,347
1847,23.0,1329
1848,34.0,368
1849,31.0,116
1850,27.0,297
1851,5.0,2
1852,32.0,130
1853,19.0,125
1854,41.0,627
1855,25.0,76
1866,3.0,3
1867,43.0,456
1868,17.0,82
1869,13.0,9
1877,17.0,26
1878,20.0,24
1879,26.0,26
1880,33.0,27
1881,37.0,39
1882,44.0,30
1883,87.0,512
1884,35.0,120
1885,26.0,24
1886,21.0,5
1890,12.0,27
1891,20.0,663
1892,17.0,321
1893,22.0,315
1894,33.0,41
1895,44.0,59
1896,47.0,102
1907,81.0,11
1908,18.0,1
1909,75.0,32
1914,49.0,1
1924,75.0,41
1925,70.0,3
1934,47.0,5
1939,82.0,19
1940,87.0,512
1941,84.0,697
1942,83.0,544
1943,56.0,44
1944,73.0,517
1945,51.0,339
1946,39.0,114
1947,25.0,29
1948,47.0,222
1949,18.0,64
1950,28.0,165
1951,10.0,17
1952,29.0,11
1953,35.0,91
1954,46.0,554
1955,64.0,78
1965,10.0,57
1966,10.0,8
1967,50.0,295
1968,14.0,20
1976,29.0,2
1977,31.0,25
1978,36.0,44
1979,50.0,2
1980,28.0,12
1981,32.0,77
1982,41.0,6
1983,87.0,551
1984,39.0,244
1985,30.0,27
1986,19.0,3
1990,32.0,314
1991,21.0,359
1992,24.0,211
1993,22.0,154
1994,28.0,216
1995,54.0,89
2007,68.0,16
2008,20.0,6
2009,72.0,34
2012,13.0,1
2019,21.0,2
2023,72.0,26
2024,69.0,31
2034,39.0,5
2037,16.0,16
2038,86.0,535
2039,87.0,594
2040,51.0,73
2041,48.0,79
2042,12.0,2
2044,76.0,175
2045,54.0,735
2046,32.0,80
2047,25.0,39
2048,31.0,289
2049,15.0,34
2050,18.0,144
2051,5.0,8
2052,16.0,3
2053,22.0,3
2054,40.0,178
2055,65.0,332
2065,24.0,14
2066,36.0,195
2067,42.0,218
2074,10.0,9
2078,43.0,7
2079,37.0,20
2080,37.0,21
2081,36.0,53
2082,42.0,16
2083,73.0,341
2084,90.0,262
2085,40.0,103
2086,14.0,8
2088,13.0,1
2089,34.0,181
2090,28.0,331
2091,23.0,259
2092,20.0,72
2093,47.0,50
2094,33.0,111
2095,35.0,107
2096,33.0,67
2097,31.0,54
2098,58.0,14
2107,59.0,10
2108,30.0,2
2109,65.0,14
2110,72.0,43
2111,58.0,3
2122,62.0,5
2123,71.0,46
2134,56.0,2
2136,88.0,37
2137,86.0,694
2138,76.0,166
2139,27.0,53
2140,33.0,432
2141,27.0,109
2142,21.0,3
2143,25.0,48
2144,21.0,223
2145,59.0,1021
2146,30.0,957
2147,12.0,289
2148,48.0,98
2149,51.0,111
2150,39.0,9
2154,14.0,25
2155,36.0,834
2156,39.0,7
2157,38.0,2
2158,32.0,2
2164,34.0,1
2165,7.0,7
2166,45.0,327
2173,31.0,13
2174,16.0,27
2178,39.0,16
2179,32.0,6
2180,34.0,88
2181,14.0,10
2182,53.0,3
2183,42.0,22
2184,81.0,562
2185,37.0,74
2186,19.0,11
2187,20.0,45
2188,27.0,62
2189,27.0,541
2190,23.0,94
2191,25.0,160
2192,33.0,90
2193,30.0,98
2194,14.0,16
2195,30.0,62
2196,35.0,44
2198,54.0,12
2199,41.0,24
2200,30.0,23
2201,70.0,139
2202,61.0,14
2207,30.0,11
2208,23.0,42
2209,27.0,19
2210,26.0,1
2211,64.0,39
2212,62.0,41
2218,23.0,2
2222,72.0,41
2233,43.0,8
2235,92.0,164
2236,90.0,664
2237,65.0,13
2238,52.0,1
2239,42.0,149
2240,32.0,167
2241,30.0,351
2242,35.0,330
2243,34.0,427
2244,28.0,565
2245,71.0,606
2246,32.0,1205
2247,11.0,695
2248,32.0,123
2249,48.0,255
2253,24.0,52
2254,26.0,261
2255,45.0,511
2258,49.0,1
2264,38.0,3
2266,38.0,490
2267,50.0,16
2273,36.0,19
2274,29.0,5
2278,44.0,35
2279,39.0,71
2280,48.0,4
2283,18.0,1
2284,78.0,603
2285,26.0,24
2286,15.0,202
2287,12.0,65
2288,38.0,367
2289,17.0,34
2290,30.0,152
2291,34.0,90
2292,46.0,68
2294,34.0,25
2295,43.0,43
2296,43.0,5
2299,40.0,10
2300,38.0,34
2301,34.0,7
2302,70.0,101
2303,70.0,113
2304,54.0,220
2305,64.0,167
2306,43.0,52
2307,20.0,152
2308,21.0,149
2309,28.0,53
2310,20.0,39
2311,30.0,6
2312,49.0,58
2317,13.0,2
2318,33.0,1
2322,64.0,45
2330,29.0,12
2333,52.0,1
2334,90.0,350
2335,91.0,487
2336,58.0,30
2337,41.0,2
2338,60.0,5
2339,42.0,207
2340,18.0,91
2341,20.0,113
2342,31.0,122
2343,36.0,4
2345,52.0,321
2346,64.0,898
2347,21.0,1064
2348,17.0,243
2349,50.0,237
2350,55.0,17
2353,31.0,138
2354,14.0,35
2355,54.0,450
2356,27.0,12
2364,19.0,4
2365,45.0,3
2366,42.0,352
2367,58.0,27
2368,64.0,56
2369,60.0,41
2372,48.0,24
2373,38.0,68
2374,48.0,34
2375,53.0,45
2376,51.0,3
2377,53.0,52
2378,37.0,153
2383,1.0,2
2384,76.0,718
2385,24.0,231
2386,27.0,54
2387,34.0,349
2388,34.0,87
2391,25.0,90
2392,37.0,137
2393,65.0,10
2394,55.0,40
2405,67.0,46
2406,69.0,114
2407,19.0,7
2408,19.0,3
2409,41.0,33
2410,47.0,55
2411,36.0,46
2412,27.0,114
2413,35.0,10
2414,16.0,6
2415,15.0,1
2421,70.0,37
2422,64.0,7
2428,51.0,13
2429,47.0,53
2430,50.0,47
2433,90.0,521
2434,91.0,336
2435,43.0,4
2436,34.0,126
2437,37.0,257
2438,50.0,52
2439,29.0,440
2440,25.0,125
2441,18.0,67
2442,34.0,80
2443,38.0,3
2446,85.0,525
2447,16.0,31
2448,25.0,44
2449,43.0,10
2450,60.0,184
2453,32.0,36
2454,40.0,66
2455,50.0,478
2456,17.0,36
2457,20.0,5
2461,62.0,2
2466,49.0,259
2467,1.0,15
2469,61.0,9
2470,60.0,43
2471,52.0,41
2472,58.0,33
2476,45.0,97
2477,47.0,53
2478,57.0,72
2479,65.0,3
2483,85.0,327
2484,64.0,565
2485,25.0,64
2486,23.0,327
2487,41.0,250
2488,20.0,9
2489,12.0,19
2490,8.0,3
2492,49.0,58
2493,36.0,143
2506,66.0,67
2507,52.0,262
2508,70.0,88
2511,25.0,34
2512,41.0,145
2513,56.0,90
2514,26.0,11
2515,24.0,3
2516,48.0,2
2521,71.0,37
2526,37.0,5
2527,46.0,11
2528,42.0,43
2529,6.0,3
2530,59.0,33
2531,92.0,238
2532,90.0,634
2533,84.0,228
2534,41.0,21
2535,31.0,31
2536,35.0,113
2537,32.0,11
2538,18.0,5
2539,42.0,187
2540,25.0,25
2541,29.0,139
2542,35.0,77
2543,49.0,3
2544,29.0,11
2546,91.0,123
2547,94.0,363
2548,23.0,2
2550,61.0,180
2553,9.0,7
2554,32.0,140
2555,28.0,814
2556,11.0,21
2565,60.0,2
2566,49.0,324
2571,35.0,73
2572,56.0,34
2577,51.0,23
2578,40.0,12
2579,60.0,90
2581,48.0,2
2582,85.0,262
2583,82.0,291
2584,64.0,309
2585,32.0,235
2586,26.0,830
2587,29.0,321
2588,25.0,62
2589,19.0,91
2590,10.0,6
2591,49.0,97
2592,46.0,158
2593,14.0,6
2605,70.0,13
2606,68.0,67
2608,60.0,105
2609,42.0,261
2610,63.0,67
2611,32.0,7
2612,31.0,2
2613,59.0,4
2614,54.0,108
2615,55.0,109
2616,64.0,24
2621,65.0,39
2622,52.0,1
2623,40.0,14
2624,21.0,2
2625,10.0,1
2626,36.0,19
2627,14.0,6
2628,42.0,31
2629,88.0,481
2630,87.0,610
2631,89.0,334
2632,36.0,50
2633,14.0,28
2634,28.0,21
2635,45.0,38
2636,37.0,140
2637,32.0,22
2638,28.0,28
2639,37.0,258
2640,31.0,51
2641,21.0,55
2642,24.0,10
2644,17.0,1
2645,59.0,4
2646,52.0,1
2647,94.0,449
2650,57.0,86
2651,45.0,156
2652,22.0,10
2653,24.0,22
2654,26.0,248
2655,46.0,502
2656,1.0,2
2658,9.0,7
2665,35.0,338
2666,44.0,62
2672,57.0,6
2673,47.0,63
2674,30.0,20
2677,52.0,27
2679,55.0,6
2680,42.0,129
2681,78.0,234
2682,86.0,347
2683,32.0,113
2684,55.0,516
2685,30.0,623
2686,25.0,149
2687,22.0,13
2688,24.0,352
2689,28.0,114
2690,35.0,196
2691,43.0,67
2699,5.0,2
2700,21.0,1
2704,72.0,20
2705,74.0,43
2708,56.0,4
2710,71.0,124
2711,55.0,243
2712,38.0,71
2713,35.0,21
2714,38.0,2
2715,15.0,19
2716,63.0,52
2717,64.0,85
2718,62.0,39
2721,44.0,69
2722,33.0,15
2723,22.0,27
2724,39.0,22
2725,41.0,8
2726,77.0,246
2727,89.0,620
2728,88.0,563
2729,88.0,91
2730,51.0,8
2731,31.0,88
2733,44.0,22
2734,21.0,24
2735,32.0,145
2736,23.0,79
2737,31.0,30
2738,33.0,324
2739,33.0,66
2740,15.0,72
2742,28.0,3
2746,43.0,4
2747,97.0,327
2748,98.0,124
2749,52.0,3
2750,52.0,5
2751,39.0,337
2752,11.0,45
2753,27.0,220
2754,23.0,254
2755,30.0,929
2756,50.0,33
2757,50.0,38
2758,41.0,45
2759,46.0,7
2762,65.0,1
2765,30.0,500
2766,15.0,11
2767,32.0,2
2772,54.0,4
2773,49.0,15
2774,39.0,70
2775,49.0,19
2777,34.0,53
2780,83.0,205
2781,81.0,500
2782,62.0,34
2783,69.0,339
2784,39.0,459
2785,26.0,204
2786,32.0,34
2787,30.0,41
2788,26.0,79
2789,25.0,391
2790,38.0,163
2797,23.0,2
2800,41.0,1
2801,16.0,46
2802,23.0,1
2803,76.0,25
2804,75.0,43
2807,52.0,2
2812,46.0,215
2813,68.0,190
2814,28.0,42
2815,27.0,93
2817,22.0,9
2818,37.0,132
2819,29.0,214
2820,27.0,397
2821,25.0,142
2822,22.0,54
2823,35.0,28
2824,43.0,8
2825,86.0,636
2826,88.0,448
2829,25.0,5
2830,41.0,11
2831,32.0,98
2832,43.0,36
2833,30.0,62
2834,20.0,46
2835,41.0,126
2836,32.0,18
2837,28.0,117
2838,27.0,260
2839,20.0,25
2840,21.0,25
2848,96.0,507
2849,59.0,5
2851,42.0,246
2852,35.0,203
2853,34.0,144
2854,22.0,15
2855,50.0,461
2856,18.0,114
2857,26.0,33
2859,50.0,51
2860,49.0,14
2861,47.0,5
2862,6.0,2
2865,34.0,447
2866,23.0,1
2871,51.0,7
2872,56.0,4
2875,30.0,75
2876,22.0,33
2877,18.0,115
2879,84.0,207
2880,88.0,325
2881,64.0,7
2882,71.0,443
2883,23.0,162
2884,21.0,331
2885,22.0,299
2886,25.0,259
2887,26.0,155
2889,57.0,3
2890,29.0,555
2891,26.0,26
2897,23.0,1
2899,27.0,2
2900,33.0,6
2901,29.0,9
2902,43.0,106
2903,74.0,39
2907,69.0,4
2913,72.0,11
2914,58.0,209
2915,33.0,359
2916,36.0,98
2917,44.0,62
2918,28.0,11
2919,36.0,50
2920,20.0,381
2921,27.0,388
2922,24.0,86
2923,26.0,88
2924,71.0,796
2925,88.0,128
2929,27.0,10
2930,1.0,1
2931,29.0,53
2932,28.0,64
2933,29.0,247
2934,45.0,135
2935,25.0,462
2936,27.0,51
2937,28.0,352
2938,29.0,90
2939,24.0,136
2940,12.0,1
2945,19.0,5
2948,87.0,258
2949,90.0,343
2950,31.0,7
2951,128.0,1
2952,46.0,310
2954,13.0,1
2955,29.0,823
2956,17.0,175
2957,13.0,6
2960,54.0,28
2961,34.0,82
2962,36.0,59
2963,40.0,42
2964,42.0,51
2965,34.0,663
2970,59.0,2
2971,54.0,7
2975,39.0,3
2976,28.0,160
2979,85.0,435
2981,74.0,404
2982,40.0,87
2983,25.0,277
2984,23.0,127
2985,22.0,17
2986,13.0,73
2987,35.0,91
2988,31.0,155
2989,54.0,114
2990,30.0,56
2991,38.0,218
2999,29.0,1
3000,31.0,28
3001,69.0,37
3002,38.0,44
3007,74.0,4
3014,53.0,11
3015,38.0,147
3016,51.0,300
3017,43.0,220
3018,30.0,137
3019,26.0,292
3020,31.0,117
3021,30.0,72
3022,41.0,215
3023,55.0,435
3024,70.0,718
3029,28.0,4
3030,28.0,5
3031,35.0,62
3032,20.0,67
3033,20.0,44
3034,31.0,130
3035,27.0,40
3036,24.0,377
3037,21.0,619
3038,32.0,70
3039,27.0,186
3040,6.0,44
3043,31.0,4
3044,19.0,3
3049,96.0,478
3050,92.0,71
3052,52.0,259
3053,13.0,2
3055,52.0,226
3056,30.0,426
3061,25.0,1
3063,65.0,53
3064,29.0,653
3065,32.0,217
3070,48.0,11
3075,64.0,12
3076,42.0,87
3078,89.0,47
3079,84.0,359
3080,70.0,196
3081,54.0,242
3082,28.0,302
3083,22.0,109
3084,20.0,135
3085,22.0,60
3086,22.0,40
3087,30.0,68
3088,30.0,273
3089,25.0,30
3090,30.0,44
3091,29.0,385
3094,33.0,59
3099,14.0,5
3100,30.0,20
3101,79.0,9
3107,66.0,2
3113,56.0,3
3114,45.0,33
3115,29.0,17
3116,18.0,59
3117,26.0,409
3118,33.0,617
3119,41.0,417
3120,22.0,39
3121,32.0,15
3122,23.0,46
3123,63.0,979
3124,51.0,183
3129,18.0,1
3130,27.0,8
3131,30.0,40
3132,36.0,120
3133,33.0,90
3134,27.0,282
3135,36.0,54
3136,27.0,226
3137,39.0,174
3138,30.0,180
3139,30.0,169
3140,9.0,26
3143,26.0,2
3149,21.0,34
3150,96.0,499
3152,40.0,126
3153,53.0,188
3154,7.0,7
3155,14.0,67
3156,35.0,799
3157,6.0,32
3159,15.0,1
3162,75.0,45
3163,60.0,138
3164,32.0,36
3165,49.0,179
3169,53.0,14
3170,42.0,1
3174,63.0,14
3175,59.0,20
3176,60.0,39
3178,85.0,318
3179,60.0,160
3180,61.0,455
3181,35.0,381
3182,31.0,304
3183,54.0,45
3184,23.0,108
3185,17.0,127
3186,27.0,125
3187,31.0,223
3188,41.0,243
3189,52.0,513
3190,47.0,535
3191,36.0,932
3192,60.0,555
3193,45.0,761
3194,45.0,490
3195,19.0,205
3196,37.0,32
3197,41.0,43
3198,19.0,58
3199,20.0,81
3200,55.0,83
3205,66.0,1
3206,58.0,3
3212,41.0,7
3213,36.0,32
3214,38.0,27
3215,18.0,5
3216,24.0,37
3217,19.0,92
3218,32.0,201
3219,34.0,497
3220,42.0,504
3221,31.0,244
3222,40.0,93
3223,78.0,685
3224,46.0,60
3225,59.0,134
3226,59.0,153
3227,62.0,69
3229,19.0,53
3230,25.0,24
3231,22.0,39
3232,39.0,94
3233,11.0,19
3234,27.0,157
3235,30.0,81
3236,21.0,179
3237,28.0,15
3238,29.0,417
3239,35.0,113
3242,28.0,3
3243,23.0,2
3244,10.0,1
3248,16.0,82
3249,35.0,46
3250,92.0,486
3251,42.0,72
3252,24.0,49
3253,35.0,433
3254,24.0,98
3255,18.0,64
3256,46.0,585
3257,12.0,6
3259,25.0,2
3260,25.0,2
3262,76.0,103
3263,31.0,51
3264,27.0,310
3265,26.0,183
3266,28.0,124
3267,12.0,73
3269,44.0,11
3270,32.0,6
3273,61.0,6
3274,62.0,32
3276,60.0,4
3277,65.0,32
3278,74.0,536
3279,65.0,446
3280,47.0,162
3281,34.0,200
3282,25.0,30
3283,36.0,129
3284,25.0,198
3285,22.0,316
3286,42.0,65
3287,48.0,20
3288,59.0,549
3289,45.0,13
3290,51.0,53
3291,66.0,1
3293,32.0,280
3294,57.0,195
3295,63.0,424
3296,70.0,357
3297,75.0,388
3298,65.0,159
3299,29.0,160
3300,33.0,215
3305,56.0,9
3311,2.0,1
3312,16.0,11
3313,25.0,38
3314,28.0,49
3315,29.0,45
3316,24.0,33
3317,25.0,55
3318,31.0,211
3319,34.0,89
3320,33.0,89
3321,25.0,977
3322,46.0,2007
3323,29.0,489
3324,21.0,337
3325,10.0,1
3326,31.0,3
3327,55.0,94
3328,44.0,217
3329,42.0,209
3330,32.0,114
3331,24.0,385
3332,28.0,277
3333,23.0,277
3334,26.0,137
3335,33.0,96
3336,25.0,78
3337,17.0,47
3338,37.0,191
3339,41.0,155
3343,20.0,1
3347,29.0,65
3348,23.0,68
3349,47.0,7
3350,67.0,218
3351,96.0,367
3352,51.0,21
3353,27.0,596
3354,33.0,508
3355,32.0,344
3356,27.0,1053
3357,25.0,29
3358,35.0,7
3360,11.0,19
3361,4.0,1
3362,65.0,151
3363,34.0,48
3364,40.0,231
3365,29.0,72
3366,34.0,61
3367,26.0,27
3368,33.0,19
3370,25.0,6
3371,28.0,1
3373,54.0,51
3377,66.0,35
3378,68.0,483
3379,68.0,797
3380,31.0,325
3381,24.0,34
3382,23.0,19
3383,25.0,72
3384,26.0,108
3385,30.0,53
3386,30.0,122
3387,50.0,591
3388,66.0,10
3389,51.0,51
3390,45.0,2
3391,52.0,58
3392,33.0,129
3393,27.0,361
3394,48.0,48
3395,27.0,124
3396,25.0,45
3397,33.0,20
3398,56.0,280
3399,48.0,620
3400,56.0,449
3405,94.0,6
3412,22.0,4
3413,24.0,14
3414,36.0,58
3415,30.0,205
3416,29.0,191
3417,47.0,130
3418,31.0,12
3419,34.0,50
3420,33.0,26
3422,63.0,887
3423,28.0,1327
3424,34.0,1083
3425,26.0,291
3426,35.0,85
3427,12.0,3
3429,19.0,39
3430,44.0,124
3431,24.0,606
3432,27.0,328
3433,18.0,141
3434,22.0,246
3435,22.0,378
3436,28.0,179
3437,33.0,244
3438,32.0,87
3439,42.0,207
3442,33.0,1
3443,43.0,2
3444,17.0,1
3445,25.0,4
3446,43.0,10
3447,30.0,137
3448,41.0,39
3449,33.0,43
3450,33.0,87
3451,90.0,518
3452,56.0,129
3453,18.0,74
3454,31.0,721
3455,28.0,203
3456,24.0,1008
3457,12.0,25
3458,34.0,28
3459,31.0,21
3460,31.0,28
3461,62.0,16
3462,59.0,176
3463,16.0,67
3464,21.0,602
3465,21.0,193
3466,25.0,88
3467,43.0,13
3468,20.0,127
3471,41.0,7
3472,33.0,66
3473,31.0,8
3477,63.0,35
3478,52.0,936
3479,59.0,906
3480,70.0,564
3481,17.0,5
3482,19.0,124
3483,24.0,123
3484,23.0,41
3485,19.0,46
3486,41.0,603
3487,28.0,327
3489,57.0,45
3491,12.0,4
3492,38.0,71
3493,34.0,195
3494,6.0,7
3495,25.0,70
3496,42.0,50
3497,26.0,108
3498,22.0,191
3499,24.0,228
3500,24.0,129
3505,111.0,4
3512,25.0,1
3513,28.0,58
3514,45.0,108
3516,29.0,51
3517,30.0,80
3518,46.0,14
3519,29.0,30
3520,37.0,5
3521,84.0,25
3522,86.0,541
3523,14.0,98
3524,17.0,623
3525,28.0,1324
3526,30.0,881
3527,26.0,223
3528,46.0,7
3529,39.0,38
3530,31.0,33
3531,27.0,48
3532,32.0,341
3533,19.0,92
3534,17.0,122
3535,18.0,167
3536,13.0,159
3537,29.0,196
3538,38.0,226
3539,33.0,148
3545,46.0,3
3546,33.0,59
3547,17.0,71
3548,30.0,165
3549,30.0,84
3550,31.0,177
3551,37.0,51
3552,86.0,617
3553,39.0,153
3554,34.0,499
3555,17.0,40
3556,22.0,644
3557,31.0,642
3558,15.0,94
3559,19.0,80
3560,33.0,40
3561,48.0,259
3562,10.0,43
3563,21.0,62
3564,21.0,410
3565,33.0,263
3566,37.0,54
3567,40.0,47
3570,67.0,4
3571,28.0,302
3572,32.0,46
3573,22.0,5
3576,64.0,644
3577,60.0,685
3578,35.0,240
3579,22.0,94
3580,72.0,436
3581,74.0,515
3583,34.0,112
3584,35.0,125
3585,60.0,444
3586,48.0,181
3587,14.0,44
3588,58.0,37
3589,56.0,37
3591,5.0,4
3592,31.0,55
3593,39.0,147
3594,21.0,15
3595,24.0,38
3596,44.0,1
3598,4.0,1
3599,30.0,77
3600,30.0,108
3605,64.0,4
3613,47.0,117
3617,26.0,11
3621,90.0,390
3622,80.0,189
3624,21.0,73
3625,25.0,138
3626,22.0,620
3627,33.0,1019
3628,46.0,375
3629,11.0,15
3631,32.0,51
3632,29.0,102
3633,26.0,909
3634,19.0,152
3635,20.0,173
3636,27.0,261
3637,23.0,301
3638,52.0,212
3641,39.0,1
3645,32.0,57
3646,30.0,73
3647,31.0,51
3648,33.0,176
3649,21.0,196
3650,28.0,68
3651,36.0,263
3652,48.0,82
3653,71.0,662
3654,30.0,301
3655,35.0,477
3656,20.0,509
3657,26.0,178
3658,18.0,1230
3659,30.0,298
3660,39.0,38
3661,44.0,244
3662,32.0,112
3663,22.0,194
3664,18.0,528
3665,33.0,305
3666,28.0,108
3667,45.0,14
3669,9.0,55
3670,32.0,261
3671,27.0,127
3672,45.0,125
3673,18.0,8
3674,5.0,1
3675,48.0,812
3676,43.0,272
3677,23.0,165
3678,19.0,42
3679,24.0,32
3680,31.0,57
3681,75.0,753
3682,65.0,174
3683,65.0,292
3684,48.0,516
3685,50.0,72
3686,34.0,64
3688,58.0,54
3692,26.0,59
3693,35.0,140
3694,37.0,9
3695,44.0,15
3697,59.0,18
3698,54.0,43
3699,31.0,133
3700,27.0,89
3705,67.0,7
3712,62.0,40
3713,61.0,30
3716,62.0,1
3717,55.0,7
3721,89.0,526
3725,27.0,247
3726,21.0,272
3727,41.0,20
3728,48.0,243
3729,45.0,703
3730,34.0,861
3731,43.0,20
3732,29.0,546
3733,31.0,235
3734,27.0,436
3735,28.0,297
3736,30.0,263
3737,43.0,28
3738,38.0,528
3739,31.0,47
3741,42.0,2
3742,31.0,1
3743,39.0,1
3745,25.0,307
3746,35.0,249
3747,27.0,183
3748,23.0,416
3749,23.0,64
3750,38.0,30
3751,27.0,118
3752,29.0,433
3753,56.0,719
3754,32.0,189
3755,31.0,701
3756,18.0,580
3757,21.0,127
3758,21.0,311
3759,35.0,530
3760,46.0,242
3761,25.0,134
3762,30.0,101
3763,26.0,641
3764,25.0,562
3765,26.0,796
3766,35.0,225
3767,38.0,57
3768,28.0,211
3769,30.0,414
3770,27.0,151
3771,27.0,190
3772,32.0,67
3773,42.0,192
3774,59.0,649
3775,29.0,689
3776,30.0,41
3777,24.0,139
3778,29.0,63
3779,25.0,101
3780,57.0,15
3781,54.0,318
3782,70.0,984
3783,58.0,121
3785,33.0,84
3788,58.0,56
3791,21.0,9
3792,24.0,44
3793,41.0,116
3794,47.0,20
3795,31.0,70
3796,49.0,60
3797,42.0,40
3799,44.0,13
3800,29.0,15
3805,71.0,1
3806,62.0,4
3812,71.0,72
3813,11.0,6
3814,25.0,6
3816,39.0,6
3821,88.0,602
3823,33.0,1
3825,42.0,109
3826,23.0,187
3827,21.0,232
3828,9.0,36
3829,16.0,55
3830,24.0,374
3831,45.0,620
3832,45.0,913
3833,30.0,173
3834,31.0,61
3835,33.0,66
3836,37.0,21
3837,38.0,141
3838,45.0,233
3839,31.0,671
3840,25.0,35
3842,132.0,2
3843,40.0,130
3844,33.0,317
3845,45.0,166
3846,23.0,224
3847,34.0,220
3848,26.0,1327
3849,35.0,653
3850,34.0,633
3851,29.0,955
3852,32.0,971
3853,48.0,561
3854,39.0,1424
3855,39.0,1180
3856,24.0,1620
3857,31.0,904
3858,25.0,1486
3859,25.0,1797
3860,27.0,980
3861,27.0,943
3862,30.0,683
3863,18.0,1179
3864,28.0,100
3865,32.0,220
3866,30.0,128
3867,25.0,543
3868,24.0,360
3869,24.0,411
3870,29.0,315
3871,23.0,310
3872,45.0,479
3873,58.0,521
3874,32.0,116
3875,44.0,136
3876,29.0,14
3877,29.0,59
3878,25.0,9
3879,37.0,10
3880,43.0,5
3881,46.0,35
3882,74.0,863
3885,26.0,139
3888,56.0,39
3890,9.0,1
3891,33.0,3
3892,38.0,2
3893,38.0,202
3894,46.0,68
3895,33.0,69
3896,21.0,24
3897,21.0,6
3900,37.0,4
3906,38.0,2
3911,55.0,87
3912,26.0,21
3913,52.0,7
3916,43.0,6
3917,57.0,3
3919,20.0,3
3921,89.0,563
3923,16.0,2
3924,35.0,99
3925,22.0,50
3926,19.0,74
3927,25.0,165
3928,25.0,305
3929,22.0,337
3930,28.0,90
3931,31.0,521
3932,37.0,23
3933,57.0,414
3934,42.0,260
3935,23.0,241
3936,26.0,277
3937,22.0,7
3938,55.0,216
3939,32.0,319
3940,26.0,447
3941,23.0,254
3942,28.0,225
3943,29.0,241
3944,28.0,180
3945,25.0,161
3946,26.0,69
3947,26.0,939
3948,23.0,256
3949,26.0,123
3950,33.0,155
3951,36.0,245
3952,24.0,71
3953,27.0,24
3954,34.0,573
3955,38.0,317
3956,23.0,373
3957,21.0,166
3958,19.0,509
3959,34.0,632
3960,26.0,68
3961,29.0,133
3962,22.0,264
3963,19.0,717
3964,27.0,504
3965,31.0,493
3966,47.0,274
3967,31.0,606
3968,23.0,665
3969,21.0,183
3970,23.0,86
3971,22.0,1727
3972,29.0,705
3973,25.0,71
3974,38.0,112
3975,45.0,22
3976,2.0,1
3977,32.0,21
3978,54.0,9
3982,78.0,755
3984,17.0,1
3985,31.0,86
3988,61.0,44
3991,35.0,3
3992,46.0,91
3993,47.0,44
3994,4.0,1
3995,36.0,38
3996,21.0,2
4005,55.0,32
4006,46.0,224
4007,52.0,190
4008,59.0,130
4010,35.0,54
4011,39.0,118
4012,29.0,10
4013,4.0,1
4017,15.0,12
4018,23.0,5
4021,88.0,523
4023,26.0,7
4024,42.0,42
4025,39.0,106
4026,26.0,16
4027,18.0,95
4028,20.0,285
4029,24.0,471
4030,27.0,403
4031,37.0,182
4033,1.0,1
4034,29.0,819
4035,29.0,750
4036,33.0,47
4037,43.0,149
4038,32.0,692
4039,23.0,77
4040,32.0,195
4041,33.0,326
4042,26.0,284
4043,22.0,116
4044,20.0,18
4045,22.0,171
4046,23.0,1160
4047,23.0,112
4048,19.0,413
4049,31.0,227
4050,29.0,382
4051,26.0,102
4052,23.0,91
4053,24.0,53
4054,25.0,809
4055,29.0,449
4056,20.0,290
4057,17.0,90
4058,29.0,263
4059,29.0,744
4060,24.0,392
4061,22.0,133
4062,17.0,156
4063,31.0,418
4064,34.0,139
4065,41.0,71
4066,36.0,58
4067,31.0,97
4068,22.0,623
4069,27.0,814
4070,22.0,1275
4071,37.0,541
4072,19.0,195
4073,18.0,78
4074,52.0,111
4076,26.0,12
4078,33.0,29
4082,79.0,650
4083,62.0,107
4084,24.0,19
4085,27.0,91
4087,28.0,38
4088,48.0,53
4090,33.0,1
4092,54.0,80
4094,17.0,26
4095,38.0,26
4096,38.0,13
4101,71.0,140
4102,69.0,140
4103,68.0,148
4104,65.0,160
4105,64.0,136
4106,34.0,5
4107,52.0,11
4108,64.0,47
4109,61.0,179
4110,34.0,509
4111,52.0,71
4112,34.0,15
4118,37.0,7
4119,37.0,5
4121,87.0,524
4122,14.0,12
4124,5.0,2
4125,41.0,83
4126,24.0,68
4127,24.0,137
4128,23.0,250
4129,21.0,151
4130,30.0,527
4131,38.0,231
4132,42.0,171
4133,30.0,205
4134,34.0,30
4135,30.0,378
4136,42.0,578
4137,33.0,834
4138,29.0,210
4139,32.0,293
4140,26.0,533
4141,33.0,75
4142,37.0,138
4143,26.0,373
4144,29.0,278
4145,39.0,353
4146,40.0,289
4147,34.0,171
4148,20.0,452
4149,29.0,137
4150,29.0,529
4151,24.0,1863
4152,29.0,1121
4153,40.0,767
4154,26.0,1418
4155,22.0,1519
4156,22.0,1233
4157,22.0,1099
4158,26.0,1158
4159,30.0,699
4160,22.0,38
4161,30.0,183
4162,21.0,355
4163,30.0,736
4164,35.0,281
4165,41.0,183
4166,37.0,178
4167,29.0,240
4168,25.0,707
4169,22.0,470
4170,24.0,223
4171,24.0,1490
4172,31.0,206
4173,31.0,203
4174,34.0,111
4175,4.0,1
4176,50.0,16
4177,31.0,43
4178,28.0,80
4179,28.0,62
4180,34.0,19
4181,45.0,11
4182,81.0,174
4183,69.0,696
4184,25.0,256
4185,25.0,193
4186,47.0,50
4187,36.0,111
4188,10.0,4
4192,35.0,151
4193,43.0,19
4194,35.0,25
4195,24.0,35
4196,22.0,3
4207,32.0,21
4208,18.0,83
4209,45.0,28
4210,40.0,65
4211,55.0,276
4212,40.0,49
4213,10.0,1
4217,39.0,1
4219,45.0,4
4221,88.0,324
4222,84.0,270
4224,42.0,14
4225,34.0,142
4226,25.0,105
4227,26.0,91
4228,22.0,102
4229,32.0,238
4230,30.0,384
4231,25.0,21
4232,29.0,13
4233,34.0,149
4234,43.0,238
4235,42.0,150
4236,37.0,25
4237,26.0,693
4238,28.0,960
4239,23.0,1337
4240,32.0,152
4241,34.0,209
4242,29.0,368
4243,25.0,195
4244,19.0,3
4245,45.0,458
4246,29.0,199
4247,26.0,245
4248,22.0,314
4249,33.0,659
4250,30.0,1295
4251,22.0,193
4252,24.0,207
4253,20.0,18
4254,28.0,225
4255,23.0,257
4256,19.0,633
4257,24.0,208
4258,30.0,122
4259,27.0,1278
4260,44.0,565
4261,30.0,1071
4262,27.0,887
4263,27.0,1164
4264,30.0,730
4265,36.0,597
4266,26.0,802
4267,24.0,1143
4268,29.0,177
4269,25.0,57
4270,24.0,14
4271,48.0,376
4272,8.0,49
4273,63.0,49
4274,50.0,1
4275,40.0,23
4276,54.0,3
4277,32.0,70
4278,28.0,60
4279,34.0,64
4280,22.0,131
4281,34.0,93
4282,43.0,273
4283,73.0,821
4287,26.0,18
4288,16.0,2
4292,45.0,119
4293,9.0,18
4294,33.0,19
4295,16.0,6
4296,36.0,1
4307,26.0,8
4308,27.0,168
4309,32.0,183
4310,45.0,67
4311,16.0,6
4312,58.0,228
4317,38.0,4
4318,35.0,17
4319,24.0,31
4320,23.0,56
4321,44.0,15
4322,89.0,592
4323,34.0,35
4324,34.0,108
4325,23.0,61
4326,23.0,125
4327,15.0,10
4328,16.0,64
4329,37.0,509
4330,3.0,3
4332,19.0,17
4333,27.0,16
4335,32.0,57
4336,32.0,530
4337,33.0,123
4338,21.0,82
4339,24.0,492
4340,35.0,578
4341,40.0,573
4342,25.0,548
4343,22.0,418
4344,21.0,600
4345,23.0,1109
4346,22.0,147
4347,28.0,107
4348,24.0,254
4349,36.0,1479
4350,21.0,430
4351,24.0,393
4352,25.0,67
4353,29.0,120
4354,28.0,233
4355,16.0,64
4356,20.0,412
4357,22.0,252
4358,25.0,389
4359,22.0,975
4360,24.0,403
4361,22.0,259
4362,22.0,656
4363,28.0,374
4364,26.0,403
4365,20.0,489
4366,20.0,1028
4367,19.0,1363
4368,18.0,249
4369,22.0,317
4370,22.0,121
4371,43.0,453
4372,7.0,40
4373,39.0,79
4375,66.0,13
4377,52.0,43
4378,43.0,8
4379,36.0,26
4380,38.0,23
4381,39.0,248
4382,27.0,241
4383,77.0,732
4386,52.0,3
4387,36.0,19
4388,5.0,1
4392,64.0,74
4394,40.0,21
4395,40.0,17
4407,42.0,17
4408,33.0,88
4409,31.0,46
4410,28.0,85
4411,34.0,180
4412,37.0,401
4413,36.0,113
4417,59.0,11
4419,26.0,27
4420,23.0,71
4421,43.0,23
4422,89.0,534
4423,36.0,32
4424,24.0,138
4425,28.0,202
4426,27.0,16
4427,17.0,14
4428,43.0,295
4429,34.0,425
4430,45.0,411
4433,26.0,5
4436,44.0,371
4437,30.0,14
4438,31.0,140
4439,31.0,185
4440,33.0,106
4441,34.0,139
4442,27.0,931
4443,25.0,807
4444,21.0,1402
4445,20.0,235
4446,24.0,361
4447,18.0,777
4448,22.0,1428
4449,29.0,639
4450,25.0,179
4451,31.0,59
4452,25.0,262
4453,21.0,511
4454,19.0,191
4455,17.0,44
4456,23.0,174
4457,19.0,329
4458,27.0,366
4459,23.0,370
4460,23.0,827
4461,24.0,513
4462,18.0,664
4463,19.0,490
4464,19.0,811
4465,18.0,1025
4466,23.0,434
4467,23.0,844
4468,25.0,676
4469,29.0,211
4470,20.0,676
4471,22.0,1392
4472,23.0,173
4473,32.0,187
4474,31.0,15
4475,57.0,1
4476,53.0,10
4477,40.0,85
4478,42.0,17
4479,18.0,12
4480,29.0,329
4481,39.0,91
4482,77.0,490
4483,70.0,363
4485,54.0,4
4486,46.0,8
4492,50.0,52
4493,58.0,64
4495,42.0,19
4507,39.0,76
4508,21.0,30
4509,23.0,24
4510,18.0,64
4512,51.0,80
4513,56.0,261
4514,47.0,332
4515,57.0,52
4516,33.0,30
4517,54.0,2
4519,8.0,18
4520,35.0,16
4521,29.0,118
4522,87.0,569
4523,22.0,53
4524,13.0,45
4525,34.0,239
4526,37.0,114
4527,33.0,173
4528,50.0,507
4529,56.0,260
4530,49.0,95
4531,66.0,363
4532,69.0,134
4534,40.0,30
4535,30.0,300
4536,39.0,244
4537,24.0,58
4538,32.0,263
4539,23.0,82
4540,26.0,156
4541,30.0,465
4542,21.0,250
4543,17.0,204
4544,25.0,1170
4545,27.0,691
4546,28.0,562
4547,19.0,446
4548,20.0,2027
4549,29.0,405
4550,23.0,304
4551,26.0,287
4552,17.0,189
4553,15.0,683
4554,23.0,186
4555,29.0,611
4556,23.0,1583
4557,19.0,1926
4558,22.0,1714
4559,24.0,1168
4560,26.0,849
4561,33.0,713
4562,24.0,1093
4563,26.0,994
4564,21.0,2136
4565,21.0,427
4566,23.0,487
4567,28.0,256
4568,23.0,1007
4569,21.0,264
4570,22.0,602
4571,27.0,797
4572,25.0,134
4573,46.0,123
4574,30.0,7
4576,37.0,66
4577,39.0,109
4578,18.0,36
4579,40.0,273
4580,44.0,108
4581,31.0,114
4582,76.0,864
4583,43.0,18
4584,52.0,13
4585,50.0,1
4592,29.0,27
4593,70.0,46
4594,67.0,43
4595,51.0,18
4607,61.0,30
4608,11.0,20
4611,52.0,60
4612,39.0,25
4615,68.0,199
4616,46.0,318
4617,61.0,201
4618,7.0,4
4621,39.0,5
4622,75.0,748
4623,30.0,284
4624,37.0,145
4625,65.0,376
4626,44.0,938
4627,30.0,1307
4628,33.0,104
4629,11.0,7
4630,33.0,79
4631,32.0,117
4632,56.0,272
4633,53.0,393
4634,37.0,591
4635,30.0,1043
4636,25.0,137
4637,23.0,152
4638,30.0,290
4639,32.0,69
4640,20.0,148
4641,27.0,624
4642,24.0,392
4643,28.0,578
4644,25.0,352
4645,22.0,144
4646,24.0,763
4647,23.0,1320
4648,19.0,1749
4649,21.0,251
4650,28.0,399
4651,20.0,1084
4652,22.0,293
4653,18.0,265
4654,17.0,1441
4655,32.0,904
4656,18.0,122
4657,15.0,14
4658,24.0,506
4659,18.0,262
4660,23.0,103
4661,16.0,143
4662,22.0,276
4663,23.0,191
4664,30.0,816
4665,23.0,296
4666,27.0,375
4667,24.0,450
4668,28.0,487
4669,25.0,981
4670,21.0,249
4671,28.0,637
4672,22.0,70
4673,44.0,159
4674,19.0,8
4676,40.0,33
4677,35.0,84
4678,27.0,376
4679,37.0,145
4680,16.0,12
4681,76.0,715
4682,60.0,179
4683,30.0,33
4691,23.0,12
4692,55.0,10
4694,77.0,68
4695,53.0,13
4705,31.0,1
4706,64.0,31
4711,41.0,103
4712,7.0,3
4717,57.0,66
4718,45.0,341
4719,63.0,199
4720,37.0,654
4721,59.0,320
4722,64.0,1017
4723,43.0,693
4724,74.0,366
4725,57.0,205
4726,16.0,150
4727,23.0,749
4728,29.0,499
4729,33.0,306
4730,25.0,49
4731,17.0,97
4732,22.0,160
4733,27.0,148
4734,30.0,153
4735,32.0,574
4736,33.0,509
4737,25.0,849
4738,32.0,316
4739,31.0,89
4740,42.0,251
4741,23.0,89
4742,20.0,166
4743,33.0,458
4744,35.0,226
4745,34.0,233
4746,24.0,622
4747,24.0,989
4748,25.0,750
4749,23.0,853
4750,21.0,783
4751,18.0,351
4752,24.0,505
4753,19.0,1635
4754,22.0,1550
4755,18.0,497
4756,21.0,212
4757,27.0,344
4758,23.0,881
4759,24.0,689
4760,34.0,462
4761,19.0,831
4762,17.0,268
4763,19.0,236
4764,27.0,220
4765,24.0,1191
4766,22.0,342
4767,22.0,572
4768,19.0,1014
4769,27.0,855
4770,19.0,519
4771,24.0,977
4772,38.0,194
4773,28.0,301
4774,41.0,188
4775,63.0,153
4776,38.0,232
4777,27.0,615
4778,33.0,166
4779,21.0,28
4780,65.0,106
4781,77.0,755
4782,60.0,1
4783,41.0,2
4791,34.0,9
4792,56.0,10
4794,81.0,74
4795,45.0,15
4806,67.0,27
4809,18.0,1
4810,23.0,68
4811,27.0,89
4812,20.0,1
4817,34.0,1
4819,56.0,57
4820,51.0,113
4821,39.0,120
4822,75.0,684
4823,51.0,51
4824,16.0,11
4825,43.0,111
4826,28.0,273
4827,25.0,188
4828,24.0,331
4829,21.0,576
4830,32.0,564
4831,31.0,564
4832,27.0,660
4833,23.0,193
4834,19.0,229
4835,39.0,392
4836,25.0,14
4837,24.0,326
4838,39.0,216
4839,29.0,583
4840,26.0,1103
4841,27.0,212
4842,24.0,252
4843,34.0,351
4844,38.0,85
4845,25.0,716
4846,25.0,759
4847,32.0,716
4848,24.0,744
4849,21.0,522
4850,21.0,429
4851,26.0,663
4852,24.0,1178
4853,23.0,1210
4854,18.0,291
4855,20.0,447
4856,18.0,881
4857,14.0,408
4858,16.0,632
4859,17.0,275
4860,20.0,428
4861,30.0,210
4862,25.0,305
4863,16.0,178
4864,24.0,211
4865,27.0,1089
4866,18.0,484
4867,20.0,722
4868,23.0,493
4869,26.0,882
4870,32.0,295
4871,26.0,984
4872,44.0,119
4873,32.0,187
4874,33.0,1
4876,32.0,333
4877,22.0,455
4878,28.0,72
4879,23.0,74
4880,76.0,621
4881,70.0,120
4882,43.0,5
4883,18.0,1
4891,39.0,67
4894,78.0,67
4895,45.0,20
4896,59.0,18
4899,62.0,34
4900,54.0,48
4905,51.0,29
4906,57.0,4
4910,44.0,59
4918,10.0,11
4919,50.0,157
4920,50.0,41
4921,53.0,15
4922,85.0,552
4923,28.0,106
4924,35.0,196
4925,27.0,249
4926,24.0,236
4927,17.0,172
4928,22.0,616
4929,20.0,237
4930,4.0,1
4931,28.0,6
4932,13.0,16
4933,22.0,851
4934,29.0,588
4935,30.0,1042
4936,32.0,480
4937,32.0,547
4938,46.0,217
4939,37.0,145
4940,31.0,288
4941,31.0,464
4942,26.0,1146
4943,39.0,334
4944,32.0,383
4945,27.0,371
4946,34.0,619
4947,23.0,744
4948,22.0,788
4949,24.0,599
4950,22.0,558
4951,24.0,952
4952,33.0,392
4953,23.0,177
4954,22.0,414
4955,24.0,242
4956,16.0,191
4957,14.0,461
4958,14.0,133
4959,15.0,247
4960,16.0,552
4961,22.0,248
4962,25.0,461
4963,21.0,93
4964,21.0,150
4965,21.0,1014
4966,16.0,891
4967,19.0,517
4968,21.0,618
4969,27.0,746
4970,18.0,582
4971,22.0,1173
4972,24.0,662
4973,22.0,645
4974,23.0,758
4975,26.0,838
4976,26.0,1364
4977,39.0,556
4978,43.0,594
4979,48.0,520
4980,71.0,909
4981,63.0,331
4982,67.0,238
4983,70.0,230
4984,76.0,227
4985,73.0,228
4986,70.0,266
4987,66.0,273
4988,37.0,325
4989,19.0,332
4990,19.0,75
4991,20.0,98
4994,76.0,70
4996,44.0,1
4997,48.0,16
4998,43.0,68
4999,30.0,20
5005,45.0,46
5009,62.0,23
5010,58.0,29
5014,20.0,9
5015,26.0,12
5016,19.0,9
5017,23.0,10
5018,26.0,186
5019,32.0,293
5020,39.0,52
5021,21.0,20
5022,82.0,593
5023,46.0,19
5024,32.0,71
5025,28.0,342
5026,23.0,342
5027,25.0,241
5028,30.0,106
5029,18.0,6
5033,28.0,116
5034,34.0,92
5035,54.0,331
5037,18.0,1
5038,41.0,148
5039,26.0,928
5040,25.0,397
5041,25.0,432
5042,23.0,1161
5043,23.0,448
5044,29.0,325
5045,33.0,154
5046,27.0,884
5047,26.0,440
5048,26.0,646
5049,29.0,552
5050,22.0,295
5051,24.0,480
5052,28.0,567
5053,22.0,192
5054,15.0,333
5055,22.0,288
5056,19.0,222
5057,15.0,159
5058,15.0,152
5059,11.0,101
5060,14.0,99
5061,21.0,270
5062,18.0,516
5063,26.0,702
5064,19.0,279
5065,20.0,1440
5066,15.0,1202
5067,20.0,916
5068,19.0,1011
5069,22.0,1106
5070,18.0,449
5071,25.0,903
5072,18.0,648
5073,19.0,792
5074,18.0,648
5075,27.0,287
5076,29.0,140
5077,17.0,76
5078,15.0,1
5079,45.0,151
5080,69.0,817
5081,41.0,151
5082,30.0,18
5083,65.0,2
5087,50.0,1
5088,43.0,160
5089,38.0,249
5090,23.0,99
5092,12.0,1
5094,65.0,53
5095,73.0,16
5097,55.0,28
5098,38.0,126
5099,40.0,58
5100,35.0,56
5105,61.0,30
5109,65.0,46
5114,15.0,9
5115,34.0,7
5116,32.0,21
5117,33.0,166
5118,37.0,192
5119,39.0,15
5120,33.0,46
5121,28.0,24
5122,88.0,541
5123,22.0,38
5124,25.0,104
5125,28.0,289
5126,11.0,41
5127,28.0,265
5128,12.0,8
5133,40.0,89
5134,33.0,546
5135,41.0,178
5138,11.0,7
5139,25.0,780
5140,27.0,270
5141,27.0,267
5142,24.0,1006
5143,22.0,468
5144,22.0,517
5145,23.0,1005
5146,24.0,716
5147,19.0,656
5148,23.0,1271
5149,27.0,510
5150,18.0,880
5151,17.0,843
5152,18.0,1376
5153,18.0,195
5154,25.0,124
5155,23.0,503
5156,15.0,512
5157,14.0,280
5158,13.0,135
5159,15.0,97
5160,8.0,36
5161,10.0,95
5162,20.0,165
5163,19.0,858
5164,26.0,166
5165,31.0,769
5166,19.0,591
5167,21.0,484
5168,20.0,703
5169,25.0,777
5170,22.0,316
5171,26.0,824
5172,22.0,462
5173,20.0,468
5174,23.0,322
5175,33.0,217
5176,36.0,13
5177,33.0,62
5180,81.0,356
5181,60.0,462
5182,39.0,8
5189,38.0,199
5190,42.0,230
5191,48.0,233
5192,35.0,61
5194,21.0,20
5195,46.0,175
5196,65.0,73
5197,40.0,206
5198,62.0,3
5200,1.0,1
5201,20.0,1
5202,2.0,1
5204,61.0,32
5205,56.0,2
5209,64.0,29
5217,37.0,202
5218,33.0,74
5219,26.0,11
5220,28.0,63
5221,30.0,13
5222,91.0,292
5223,89.0,277
5224,22.0,34
5225,31.0,210
5226,19.0,25
5227,23.0,126
5228,9.0,11
5232,22.0,4
5233,35.0,94
5234,42.0,182
5235,30.0,106
5236,41.0,271
5237,24.0,13
5238,10.0,32
5239,31.0,592
5240,26.0,851
5241,24.0,633
5242,20.0,1233
5243,21.0,853
5244,20.0,897
5245,25.0,1047
5246,19.0,645
5247,16.0,990
5248,18.0,2030
5249,19.0,1285
5250,19.0,1881
5251,28.0,404
5252,19.0,1303
5253,23.0,328
5254,20.0,508
5255,21.0,704
5256,19.0,676
5257,17.0,634
5258,16.0,132
5259,19.0,62
5260,17.0,229
5261,15.0,248
5262,11.0,624
5263,20.0,1004
5264,23.0,261
5265,21.0,1564
5266,20.0,1001
5267,21.0,977
5268,21.0,1171
5269,21.0,1490
5270,28.0,639
5271,24.0,1233
5272,29.0,876
5273,23.0,1111
5274,20.0,965
5275,29.0,181
5276,9.0,7
5277,39.0,31
5280,86.0,306
5281,62.0,451
5282,47.0,9
5285,41.0,1
5286,7.0,3
5290,32.0,30
5291,53.0,12
5292,67.0,137
5294,26.0,6
5295,49.0,112
5297,55.0,76
5298,53.0,43
5299,22.0,6
5300,28.0,1
5301,38.0,44
5302,51.0,10
5303,45.0,28
5304,63.0,17
5308,42.0,37
5309,57.0,14
5317,44.0,154
5318,41.0,38
5319,32.0,107
5320,41.0,55
5321,44.0,36
5323,88.0,563
5324,53.0,93
5325,46.0,12
5326,44.0,29
5327,21.0,102
5330,5.0,5
5331,19.0,111
5332,32.0,120
5333,28.0,223
5334,27.0,509
5335,30.0,372
5336,37.0,117
5337,30.0,255
5338,28.0,1140
5339,24.0,916
5340,25.0,144
5341,18.0,608
5342,20.0,700
5343,24.0,402
5344,20.0,366
5345,24.0,1224
5346,25.0,272
5347,20.0,249
5348,22.0,1269
5349,25.0,447
5350,26.0,395
5351,25.0,529
5352,22.0,496
5353,27.0,265
5354,20.0,189
5355,26.0,385
5356,34.0,241
5357,29.0,411
5358,17.0,528
5359,16.0,276
5360,22.0,227
5361,16.0,277
5362,28.0,127
5363,24.0,566
5364,22.0,354
5365,25.0,1097
5366,22.0,297
5367,22.0,442
5368,23.0,445
5369,20.0,798
5370,24.0,405
5371,23.0,1118
5372,19.0,187
5373,19.0,466
5374,29.0,191
5375,25.0,983
5376,31.0,696
5377,41.0,335
5378,32.0,332
5379,12.0,16
5380,84.0,296
5381,70.0,444
5382,43.0,6
5384,21.0,51
5385,25.0,13
5386,32.0,3
5389,26.0,37
5390,23.0,26
5391,18.0,8
5392,71.0,142
5394,10.0,2
5395,68.0,74
5396,7.0,1
5397,21.0,3
5398,43.0,141
5399,32.0,10
5400,17.0,4
5401,16.0,12
5402,36.0,24
5403,31.0,31
5408,31.0,111
5409,50.0,45
5410,58.0,12
5417,30.0,194
5418,30.0,32
5419,26.0,16
5420,17.0,7
5421,39.0,47
5422,32.0,114
5423,77.0,650
5431,10.0,34
5432,27.0,154
5433,22.0,109
5434,32.0,182
5435,33.0,114
5436,26.0,1087
5437,32.0,916
5438,23.0,159
5439,31.0,129
5440,23.0,188
5441,26.0,305
5442,24.0,430
5443,21.0,310
5444,22.0,528
5445,21.0,1473
5446,21.0,472
5447,28.0,281
5448,30.0,892
5449,28.0,203
5450,26.0,118
5451,23.0,956
5452,19.0,769
5453,19.0,280
5454,27.0,319
5455,28.0,46
5456,27.0,73
5457,25.0,494
5458,17.0,493
5459,19.0,164
5460,16.0,50
5461,20.0,542
5462,20.0,574
5463,22.0,187
5464,22.0,615
5465,22.0,1414
5466,20.0,342
5467,22.0,694
5468,20.0,890
5469,24.0,1188
5470,23.0,438
5471,27.0,692
5472,23.0,285
5473,19.0,689
5474,24.0,211
5475,20.0,552
5476,10.0,110
5477,24.0,559
5478,27.0,397
5479,37.0,332
5480,39.0,273
5481,65.0,979
5482,48.0,173
5483,49.0,181
5484,41.0,177
5485,56.0,138
5486,58.0,127
5487,49.0,155
5488,45.0,144
5489,39.0,107
5491,2.0,1
5492,61.0,151
5495,71.0,74
5496,29.0,2
5497,20.0,1
5498,49.0,145
5499,28.0,42
5500,19.0,11
5503,39.0,4
5508,59.0,64
5509,25.0,2
5510,59.0,37
5511,62.0,44
5516,53.0,42
5517,34.0,259
5518,18.0,144
5519,15.0,30
5520,24.0,9
5521,42.0,27
5522,32.0,41
5523,80.0,652
5524,50.0,117
5525,4.0,1
5526,24.0,3
5527,29.0,3
5532,25.0,219
5533,27.0,192
5534,25.0,124
5535,40.0,291
5536,29.0,776
5537,41.0,294
5538,24.0,282
5539,25.0,207
5540,28.0,279
5541,25.0,110
5542,25.0,281
5543,23.0,405
5544,23.0,673
5545,24.0,743
5546,24.0,277
5547,26.0,1390
5548,28.0,777
5549,31.0,416
5550,25.0,791
5551,24.0,722
5552,33.0,109
5553,26.0,634
5554,41.0,36
5557,27.0,513
5558,14.0,63
5559,18.0,338
5560,23.0,330
5561,19.0,509
5562,24.0,280
5563,30.0,137
5564,24.0,389
5565,21.0,2061
5566,17.0,222
5567,22.0,751
5568,20.0,809
5569,19.0,1291
5570,22.0,341
5571,28.0,632
5572,27.0,224
5573,23.0,552
5574,22.0,250
5575,23.0,331
5576,10.0,6
5577,33.0,100
5578,29.0,227
5579,31.0,246
5580,47.0,7
5581,66.0,909
5582,42.0,17
5583,33.0,10
5584,46.0,17
5585,38.0,1
5588,51.0,8
5589,32.0,171
5590,45.0,155
5591,27.0,307
5592,32.0,667
5593,17.0,3
5595,44.0,104
5596,21.0,20
5597,28.0,10
5598,34.0,254
5599,14.0,45
5603,62.0,1
5604,45.0,5
5607,52.0,46
5608,63.0,11
5609,28.0,2
5610,46.0,3
5611,64.0,4
5612,62.0,44
5613,49.0,56
5614,55.0,52
5615,51.0,49
5616,39.0,257
5619,23.0,6
5620,49.0,17
5621,39.0,53
5622,92.0,296
5623,92.0,331
5624,56.0,60
5625,49.0,99
5626,22.0,63
5627,23.0,64
5628,35.0,227
5629,50.0,113
5630,39.0,58
5631,15.0,27
5632,35.0,138
5633,42.0,307
5634,25.0,1152
5635,37.0,446
5636,5.0,11
5637,39.0,256
5638,27.0,216
5639,29.0,121
5640,40.0,39
5641,30.0,272
5642,25.0,302
5643,19.0,687
5644,23.0,1663
5645,30.0,250
5646,24.0,651
5647,36.0,591
5648,18.0,5
5649,17.0,44
5650,28.0,479
5651,28.0,372
5652,29.0,569
5653,28.0,499
5654,16.0,42
5655,35.0,322
5656,34.0,294
5657,33.0,386
5658,21.0,142
5659,20.0,424
5660,25.0,306
5661,20.0,297
5662,22.0,325
5663,34.0,642
5664,28.0,976
5665,17.0,1250
5666,19.0,1119
5667,20.0,576
5668,21.0,342
5669,18.0,1081
5670,19.0,367
5671,25.0,792
5672,24.0,271
5673,25.0,421
5674,28.0,114
5675,27.0,236
5677,36.0,41
5678,34.0,141
5679,31.0,562
5680,44.0,348
5681,74.0,794
5682,20.0,1
5685,32.0,9
5686,26.0,15
5688,26.0,1
5692,29.0,40
5693,40.0,416
5694,40.0,358
5695,30.0,650
5696,33.0,48
5697,17.0,4
5698,42.0,165
5699,21.0,23
5700,18.0,4
5702,31.0,1
5703,45.0,9
5707,39.0,26
5708,44.0,84
5709,34.0,21
5714,15.0,11
5715,24.0,272
5716,28.0,210
5717,30.0,241
5718,25.0,141
5719,37.0,12
5720,47.0,51
5721,80.0,11
5722,93.0,630
5723,103.0,1
5725,47.0,61
5726,30.0,235
5727,47.0,85
5728,30.0,76
5730,47.0,114
5731,38.0,321
5732,39.0,580
5733,43.0,376
5735,48.0,172
5736,23.0,34
5737,27.0,9
5740,35.0,143
5741,27.0,51
5742,30.0,107
5743,27.0,459
5744,22.0,1655
5745,21.0,621
5746,22.0,488
5747,31.0,669
5750,31.0,383
5751,21.0,251
5752,27.0,370
5753,22.0,1569
5754,31.0,633
5755,27.0,598
5756,21.0,689
5757,18.0,1749
5758,20.0,392
5759,20.0,238
5760,19.0,65
5761,22.0,291
5762,23.0,1829
5763,24.0,621
5764,19.0,729
5765,16.0,911
5766,19.0,1244
5767,17.0,654
5768,21.0,590
5769,22.0,806
5770,20.0,315
5771,32.0,422
5772,23.0,86
5773,21.0,445
5774,15.0,13
5775,24.0,427
5777,41.0,147
5778,38.0,167
5779,21.0,548
5780,28.0,289
5781,68.0,916
5782,68.0,107
5783,68.0,42
5786,27.0,47
5788,9.0,1
5795,22.0,4
5796,29.0,417
5797,37.0,559
5798,33.0,597
5799,39.0,345
5800,37.0,337
5802,9.0,2
5803,20.0,4
5805,2.0,1
5806,33.0,2
5807,55.0,16
5808,55.0,45
5814,15.0,10
5815,21.0,244
5816,23.0,178
5817,25.0,131
5818,8.0,7
5819,36.0,38
5820,5.0,1
5821,93.0,605
5822,82.0,21
5825,53.0,3
5826,41.0,64
5829,73.0,181
5830,63.0,259
5831,42.0,404
5832,41.0,387
5835,40.0,222
5836,41.0,165
5837,42.0,169
5838,40.0,129
5839,41.0,205
5840,35.0,235
5841,55.0,87
5842,53.0,83
5843,38.0,210
5844,25.0,1498
5845,20.0,537
5846,24.0,592
5847,27.0,1242
5848,28.0,30
5849,33.0,239
5850,22.0,501
5851,22.0,233
5852,26.0,1327
5853,17.0,730
5854,18.0,348
5855,13.0,369
5856,14.0,269
5857,22.0,1205
5858,28.0,908
5859,24.0,1061
5860,21.0,1429
5861,22.0,1006
5862,21.0,821
5863,22.0,1247
5864,21.0,303
5865,21.0,274
5866,17.0,547
5867,18.0,1460
5868,17.0,780
5869,18.0,1022
5870,21.0,230
5871,20.0,1484
5872,19.0,517
5873,25.0,553
5874,31.0,235
5875,20.0,660
5876,36.0,8
5877,20.0,510
5878,24.0,428
5879,21.0,276
5880,64.0,219
5881,82.0,532
5883,67.0,72
5884,53.0,144
5885,34.0,159
5886,26.0,187
5887,24.0,27
5888,21.0,15
5897,48.0,105
5898,41.0,14
5899,40.0,26
5900,36.0,20
5902,28.0,14
5903,55.0,2
5905,14.0,4
5906,7.0,21
5907,62.0,10
5908,59.0,45
5913,14.0,16
5914,22.0,154
5915,28.0,100
5916,27.0,261
5917,9.0,2
5920,95.0,303
5921,92.0,285
5925,43.0,16
5926,31.0,381
5927,46.0,340
5928,66.0,252
5929,69.0,54
5931,53.0,8
5932,44.0,131
5935,35.0,199
5936,42.0,306
5937,19.0,11
5938,19.0,60
5939,65.0,2
5941,50.0,9
5942,41.0,290
5943,42.0,338
5944,26.0,1499
5945,22.0,271
5946,24.0,1601
5947,31.0,288
5948,27.0,345
5949,25.0,280
5950,25.0,341
5951,23.0,1195
5952,18.0,573
5953,17.0,653
5954,20.0,318
5955,15.0,118
5956,17.0,166
5957,18.0,975
5958,21.0,146
5959,20.0,229
5960,30.0,142
5961,24.0,1132
5962,29.0,351
5963,22.0,464
5964,22.0,350
5965,18.0,707
5966,19.0,614
5967,17.0,982
5968,19.0,1183
5969,22.0,1176
5970,20.0,790
5971,24.0,308
5972,20.0,400
5973,18.0,872
5974,22.0,164
5975,21.0,479
5976,22.0,482
5977,17.0,707
5978,27.0,297
5979,23.0,91
5980,83.0,689
5981,54.0,59
5982,61.0,47
5983,50.0,14
5984,57.0,51
5985,55.0,30
5986,25.0,105
5987,26.0,75
5988,19.0,33
5996,45.0,90
5997,47.0,50
5998,9.0,1
6001,22.0,45
6002,26.0,50
6003,30.0,42
6004,26.0,43
6005,27.0,122
6006,29.0,51
6007,52.0,32
6008,42.0,37
6009,41.0,2
6013,23.0,4
6014,21.0,336
6015,13.0,41
6016,24.0,295
6017,10.0,1
6019,91.0,17
6020,91.0,561
6023,7.0,1
6024,52.0,215
6025,49.0,307
6026,58.0,76
6027,15.0,4
6031,55.0,125
6035,35.0,287
6036,27.0,988
6037,41.0,335
6038,52.0,4
6039,43.0,266
6040,30.0,676
6041,42.0,310
6042,23.0,77
6043,32.0,317
6044,37.0,774
6045,34.0,1316
6046,32.0,382
6047,26.0,747
6048,25.0,424
6049,24.0,541
6050,28.0,1108
6051,22.0,615
6052,14.0,231
6053,19.0,272
6054,26.0,391
6055,23.0,1073
6056,26.0,1300
6057,23.0,1331
6058,37.0,518
6059,26.0,596
6060,33.0,165
6061,27.0,746
6062,25.0,544
6063,18.0,226
6064,19.0,1060
6065,13.0,922
6066,18.0,743
6067,22.0,741
6068,18.0,1766
6069,18.0,1559
6070,22.0,365
6071,21.0,577
6072,20.0,341
6073,19.0,660
6074,19.0,406
6075,15.0,571
6076,18.0,78
6077,24.0,321
6078,36.0,124
6079,28.0,75
6080,84.0,621
6082,38.0,8
6083,48.0,64
6084,39.0,214
6085,25.0,1
6086,40.0,50
6087,46.0,106
6088,44.0,136
6089,52.0,101
6090,60.0,84
6091,64.0,64
6092,59.0,92
6093,40.0,19
6095,38.0,2
6096,36.0,225
6097,42.0,83
6098,54.0,56
6099,34.0,98
6100,33.0,76
6101,26.0,354
6102,25.0,380
6103,24.0,15
6104,28.0,24
6105,16.0,64
6106,29.0,176
6107,29.0,119
6108,33.0,32
6109,25.0,8
6114,26.0,355
6115,23.0,171
6116,23.0,350
6117,18.0,53
6118,24.0,46
6119,84.0,584
6120,76.0,12
6121,34.0,37
6122,56.0,225
6123,68.0,208
6124,66.0,75
6131,47.0,131
6136,41.0,281
6137,43.0,15
6138,36.0,411
6139,21.0,217
6140,29.0,946
6141,34.0,307
6142,27.0,517
6143,23.0,203
6144,42.0,938
6145,34.0,1824
6146,51.0,342
6147,34.0,183
6148,23.0,687
6149,23.0,1298
6150,19.0,1038
6151,23.0,551
6152,20.0,989
6153,23.0,805
6154,26.0,755
6155,39.0,500
6157,27.0,869
6158,22.0,111
6159,17.0,218
6160,17.0,99
6161,19.0,536
6162,24.0,692
6163,20.0,1009
6164,13.0,345
6165,19.0,257
6166,19.0,809
6167,20.0,834
6168,19.0,1631
6169,18.0,2702
6170,21.0,1105
6171,24.0,708
6172,23.0,581
6173,22.0,750
6174,19.0,545
6175,20.0,504
6176,23.0,727
6177,24.0,837
6178,28.0,525
6179,25.0,706
6180,69.0,932
6181,41.0,358
6182,45.0,321
6183,54.0,48
6184,47.0,121
6185,44.0,78
6186,33.0,215
6187,35.0,58
6188,10.0,14
6193,37.0,204
6194,32.0,170
6195,39.0,89
6196,41.0,152
6197,27.0,9
6200,37.0,115
6201,25.0,30
6202,26.0,4
6203,38.0,305
6204,28.0,519
6205,41.0,248
6206,36.0,322
6207,35.0,474
6208,33.0,511
6209,44.0,56
6210,8.0,5
6211,12.0,6
6212,23.0,2
6213,31.0,477
6214,30.0,237
6215,21.0,364
6216,28.0,360
6217,36.0,300
6218,26.0,550
6219,67.0,1058
6220,47.0,257
6221,44.0,324
6222,33.0,40
6230,41.0,141
6231,52.0,11
6235,48.0,156
6236,31.0,405
6237,33.0,410
6238,32.0,389
6239,28.0,524
6240,40.0,621
6241,19.0,10
6242,22.0,9
6243,54.0,544
6244,41.0,724
6245,14.0,180
6246,36.0,1124
6247,31.0,1039
6248,28.0,892
6249,23.0,963
6250,23.0,661
6251,22.0,778
6252,20.0,593
6253,19.0,355
6254,18.0,34
6255,25.0,1
6257,26.0,547
6258,20.0,476
6259,19.0,305
6260,18.0,598
6261,21.0,720
6262,20.0,445
6263,30.0,699
6264,18.0,1079
6265,22.0,356
6266,19.0,358
6267,19.0,1288
6268,23.0,241
6269,31.0,450
6270,21.0,752
6271,20.0,1199
6272,19.0,581
6273,23.0,766
6274,21.0,504
6275,28.0,90
6276,22.0,274
6277,21.0,113
6278,22.0,147
6279,27.0,166
6280,80.0,717
6281,39.0,42
6282,43.0,25
6283,51.0,229
6284,27.0,752
6285,28.0,30
6286,32.0,157
6287,21.0,3
6293,30.0,18
6294,23.0,100
6295,27.0,95
6296,27.0,314
6297,16.0,8
6300,53.0,18
6301,37.0,52
6302,51.0,26
6303,50.0,18
6304,36.0,111
6305,35.0,17
6306,26.0,112
6307,24.0,67
6308,19.0,89
6309,38.0,510
6310,53.0,331
6311,67.0,269
6312,56.0,324
6313,32.0,257
6314,10.0,13
6315,25.0,26
6318,9.0,2
6319,85.0,567
6320,34.0,4
6321,37.0,62
6323,17.0,4
6329,21.0,2
6330,21.0,386
6331,28.0,92
6332,2.0,1
6333,51.0,109
6334,40.0,294
6335,39.0,154
6336,35.0,164
6337,18.0,79
6338,20.0,34
6339,13.0,8
6340,62.0,400
6342,60.0,205
6343,61.0,557
6344,19.0,178
6345,19.0,651
6346,22.0,1241
6347,29.0,1735
6348,34.0,903
6349,29.0,88
6350,23.0,567
6351,25.0,364
6352,21.0,330
6353,25.0,101
6354,14.0,5
6357,29.0,347
6358,24.0,465
6359,20.0,405
6360,21.0,933
6361,32.0,240
6362,32.0,479
6363,27.0,635
6364,30.0,658
6365,18.0,1253
6366,24.0,239
6367,27.0,146
6368,22.0,221
6369,21.0,717
6370,15.0,240
6371,16.0,1689
6372,18.0,781
6373,26.0,292
6374,22.0,217
6375,21.0,880
6376,18.0,615
6377,18.0,651
6378,31.0,329
6379,31.0,346
6380,64.0,592
6381,63.0,384
6382,13.0,3
6383,2.0,1
6384,39.0,438
6385,58.0,242
6386,32.0,557
6387,50.0,154
6393,26.0,131
6394,22.0,53
6395,19.0,117
6396,30.0,235
6403,14.0,12
6404,37.0,109
6405,38.0,1
6406,35.0,49
6408,44.0,17
6409,68.0,69
6410,15.0,23
6411,21.0,5
6412,30.0,390
6413,72.0,247
6414,80.0,145
6415,14.0,10
6418,2.0,1
6419,88.0,576
6420,38.0,1
6421,23.0,127
6422,25.0,131
6423,17.0,6
6429,18.0,1
6430,23.0,178
6431,31.0,260
6432,32.0,295
6433,39.0,66
6434,27.0,56
6435,31.0,265
6436,24.0,287
6437,31.0,215
6438,33.0,333
6439,47.0,215
6440,44.0,702
6441,67.0,504
6442,66.0,600
6443,46.0,36
6444,39.0,347
6445,23.0,1571
6446,22.0,714
6447,23.0,427
6448,36.0,734
6449,30.0,1342
6450,29.0,330
6451,22.0,258
6452,31.0,35
6453,21.0,31
6456,38.0,43
6457,24.0,460
6458,21.0,189
6459,23.0,330
6460,22.0,822
6461,27.0,1041
6462,23.0,304
6463,30.0,495
6464,26.0,1210
6465,24.0,773
6466,25.0,211
6467,33.0,72
6468,20.0,201
6469,24.0,623
6470,24.0,105
6471,24.0,426
6472,21.0,544
6473,20.0,1146
6474,39.0,511
6475,27.0,546
6476,23.0,157
6477,19.0,84
6480,31.0,112
6481,70.0,945
6484,53.0,160
6485,22.0,10
6486,14.0,50
6487,38.0,180
6488,60.0,229
6489,42.0,275
6490,4.0,1
6492,23.0,16
6493,30.0,87
6494,23.0,47
6495,21.0,68
6496,34.0,153
6498,30.0,20
6499,22.0,12
6503,9.0,3
6504,53.0,55
6505,28.0,18
6506,23.0,76
6507,20.0,1
6508,55.0,8
6509,55.0,120
6510,27.0,74
6511,21.0,173
6512,33.0,95
6514,80.0,79
6515,83.0,223
6516,83.0,61
6517,5.0,1
6519,83.0,608
6520,132.0,1
6521,14.0,2
6522,44.0,61
6529,46.0,1
6530,14.0,20
6531,32.0,131
6532,29.0,330
6533,20.0,149
6534,24.0,219
6535,29.0,244
6536,31.0,282
6537,35.0,149
6538,22.0,258
6539,47.0,93
6540,47.0,1513
6541,46.0,336
6542,35.0,199
6543,29.0,948
6544,28.0,728
6545,23.0,408
6546,27.0,287
6547,21.0,224
6548,25.0,549
6549,29.0,1242
6550,51.0,736
6551,20.0,83
6552,26.0,16
6553,13.0,13
6554,25.0,445
6555,30.0,354
6556,28.0,356
6557,23.0,655
6558,17.0,1164
6559,21.0,439
6560,21.0,379
6561,22.0,1466
6562,25.0,1216
6563,33.0,700
6564,21.0,365
6565,23.0,496
6566,23.0,557
6567,29.0,169
6568,24.0,111
6569,18.0,352
6570,20.0,996
6571,13.0,8
6572,25.0,214
6573,24.0,456
6574,46.0,243
6575,28.0,1129
6576,32.0,153
6577,29.0,18
6581,83.0,752
6582,55.0,60
6583,24.0,3
6584,37.0,219
6585,31.0,164
6586,23.0,172
6587,41.0,1
6588,24.0,9
6589,40.0,93
6590,61.0,219
6591,63.0,183
6592,33.0,368
6593,27.0,32
6594,26.0,47
6595,23.0,63
6596,35.0,186
6597,18.0,12
6598,28.0,28
6599,23.0,9
6603,11.0,4
6604,37.0,115
6605,15.0,33
6606,24.0,90
6607,24.0,4
6608,33.0,16
6609,56.0,132
6610,34.0,78
6611,19.0,249
6612,12.0,62
6613,19.0,10
6616,82.0,152
6617,84.0,211
6618,73.0,240
6619,74.0,911
6620,73.0,273
6621,62.0,342
6622,80.0,216
6623,90.0,193
6624,88.0,181
6625,93.0,17
6630,39.0,131
6631,30.0,16
6632,26.0,227
6633,42.0,106
6634,23.0,502
6635,30.0,259
6636,30.0,67
6637,31.0,122
6638,53.0,166
6639,40.0,160
6640,49.0,1277
6641,31.0,516
6642,38.0,543
6643,32.0,199
6644,24.0,494
6645,26.0,358
6646,24.0,193
6647,26.0,301
6648,24.0,686
6649,22.0,37
6650,52.0,326
6651,50.0,896
6652,30.0,560
6653,28.0,1249
6654,22.0,1162
6655,27.0,844
6656,28.0,958
6657,19.0,1258
6658,20.0,1640
6659,23.0,1557
6660,25.0,1524
6661,28.0,475
6662,39.0,495
6663,27.0,305
6664,19.0,247
6665,24.0,51
6666,29.0,367
6667,27.0,283
6668,18.0,111
6669,9.0,25
6670,25.0,884
6671,26.0,131
6672,26.0,118
6673,20.0,483
6674,21.0,412
6675,29.0,1118
6676,46.0,564
6677,26.0,15
6678,14.0,8
6679,39.0,1
6681,88.0,266
6682,75.0,484
6683,50.0,170
6684,32.0,346
6685,33.0,148
6686,7.0,42
6688,28.0,26
6689,38.0,17
6690,22.0,16
6691,19.0,28
6692,29.0,122
6693,34.0,476
6694,33.0,407
6695,30.0,457
6696,29.0,557
6697,34.0,330
6698,36.0,42
6699,15.0,4
6701,48.0,21
6702,26.0,1
6703,46.0,60
6704,27.0,21
6705,24.0,21
6706,11.0,11
6707,27.0,136
6708,45.0,22
6709,42.0,155
6711,14.0,9
6712,15.0,1
6713,16.0,7
6718,48.0,44
6719,78.0,581
6720,62.0,4
6721,52.0,102
6722,21.0,57
6723,10.0,8
6724,31.0,8
6725,83.0,187
6726,86.0,180
6729,39.0,115
6730,32.0,48
6731,30.0,60
6732,33.0,148
6733,39.0,229
6734,28.0,121
6737,44.0,228
6738,30.0,155
6739,35.0,150
6740,41.0,1921
6741,31.0,449
6742,24.0,78
6743,26.0,360
6744,26.0,385
6745,18.0,245
6746,32.0,547
6747,21.0,916
6748,25.0,31
6749,21.0,9
6750,35.0,8
6751,27.0,323
6752,28.0,1001
6753,21.0,600
6754,18.0,57
6755,22.0,144
6756,27.0,182
6757,23.0,114
6758,23.0,454
6759,27.0,381
6760,26.0,619
6761,28.0,176
6762,28.0,579
6763,24.0,649
6764,20.0,23
6765,25.0,35
6766,24.0,495
6767,24.0,247
6768,8.0,55
6769,23.0,5
6770,21.0,879
6771,26.0,138
6772,28.0,154
6773,23.0,323
6774,23.0,326
6775,20.0,573
6776,46.0,572
6777,44.0,498
6778,25.0,9
6779,20.0,6
6780,38.0,1
6781,69.0,6
6782,84.0,620
6784,36.0,161
6785,35.0,78
6786,33.0,72
6788,18.0,1
6789,16.0,11
6790,15.0,1
6791,26.0,50
6792,29.0,51
6793,28.0,31
6794,26.0,108
6795,13.0,11
6796,26.0,10
6797,33.0,275
6798,61.0,204
6799,72.0,149
6800,75.0,164
6801,36.0,4
6802,42.0,17
6803,34.0,104
6804,13.0,22
6805,22.0,35
6806,23.0,76
6807,30.0,27
6808,65.0,3
6809,64.0,71
6812,12.0,4
6818,48.0,23
6819,76.0,583
6820,40.0,105
6821,35.0,180
6822,28.0,159
6823,33.0,37
6824,44.0,9
6826,66.0,169
6827,70.0,150
6828,49.0,90
6829,46.0,4
6830,23.0,32
6831,17.0,34
6832,29.0,317
6833,30.0,80
6834,32.0,62
6835,29.0,362
6836,38.0,415
6837,27.0,474
6838,30.0,236
6839,26.0,578
6840,62.0,1133
6841,24.0,64
6842,23.0,101
6843,23.0,736
6844,27.0,471
6845,31.0,586
6846,21.0,51
6847,50.0,63
6848,24.0,36
6849,18.0,55
6850,27.0,67
6851,23.0,293
6852,19.0,750
6853,24.0,63
6854,23.0,219
6855,19.0,332
6856,27.0,206
6857,26.0,341
6858,24.0,221
6859,28.0,731
6860,21.0,765
6861,27.0,295
6862,23.0,1015
6863,24.0,941
6864,17.0,41
6865,25.0,1
6866,28.0,241
6867,19.0,517
6868,53.0,8
6869,33.0,64
6870,23.0,674
6871,24.0,115
6872,20.0,44
6873,28.0,192
6874,31.0,87
6875,20.0,444
6876,20.0,466
6877,44.0,709
6878,54.0,320
6879,23.0,127
6880,8.0,2
6881,21.0,2
6882,82.0,724
6884,38.0,158
6885,8.0,27
6886,34.0,127
6887,30.0,17
6890,23.0,2
6891,38.0,7
6892,24.0,196
6893,30.0,94
6894,28.0,51
6895,19.0,4
6896,29.0,10
6897,51.0,91
6902,34.0,1
6903,39.0,57
6904,21.0,59
6905,27.0,55
6906,26.0,88
6907,35.0,35
6908,42.0,135
6909,21.0,9
6910,15.0,4
6911,15.0,3
6912,12.0,5
6918,78.0,371
6919,77.0,226
6921,8.0,2
6922,48.0,37
6923,41.0,43
6924,42.0,60
6925,28.0,2
6926,29.0,23
6927,70.0,246
6928,28.0,231
6929,34.0,40
6930,25.0,55
6931,30.0,219
6932,33.0,378
6933,37.0,386
6934,33.0,574
6935,34.0,208
6936,29.0,37
6937,23.0,497
6938,30.0,260
6939,24.0,378
6940,72.0,907
6942,31.0,191
6943,26.0,982
6944,48.0,238
6945,15.0,10
6946,53.0,45
6947,36.0,73
6948,29.0,41
6949,31.0,21
6950,24.0,248
6951,21.0,358
6952,26.0,187
6953,26.0,316
6954,29.0,142
6955,19.0,351
6956,21.0,222
6957,19.0,624
6958,40.0,490
6959,37.0,469
6960,24.0,141
6961,23.0,86
6962,26.0,372
6963,44.0,487
6964,34.0,169
6965,20.0,76
6966,12.0,123
6967,24.0,618
6968,38.0,77
6969,45.0,30
6970,25.0,479
6971,20.0,371
6972,34.0,100
6973,29.0,21
6974,30.0,5
6975,22.0,33
6976,19.0,659
6977,18.0,447
6978,56.0,607
6979,50.0,289
6980,27.0,133
6981,10.0,1
6982,80.0,644
6983,75.0,108
6984,23.0,211
6985,23.0,215
6986,26.0,146
6987,11.0,114
6991,22.0,14
6992,40.0,101
6993,29.0,3
6994,21.0,30
6995,24.0,59
6996,26.0,35
6997,49.0,121
7002,54.0,27
7003,49.0,26
7004,29.0,23
7005,35.0,11
7006,28.0,59
7007,30.0,60
7008,51.0,81
7009,13.0,2
7010,13.0,6
7018,78.0,659
7022,25.0,63
7023,23.0,2
7024,30.0,17
7025,31.0,86
7026,21.0,44
7027,40.0,353
7028,31.0,469
7029,25.0,747
7030,31.0,637
7031,39.0,414
7032,29.0,243
7033,9.0,20
7034,12.0,7
7035,28.0,18
7036,23.0,13
7037,27.0,107
7038,26.0,46
7039,14.0,79
7040,64.0,1200
7041,43.0,248
7042,24.0,437
7043,42.0,625
7044,34.0,9
7046,54.0,65
7050,26.0,214
7051,31.0,128
7052,14.0,13
7053,30.0,196
7054,24.0,199
7055,19.0,513
7056,22.0,554
7057,41.0,174
7058,55.0,458
7059,32.0,237
7060,22.0,19
7061,20.0,62
7062,28.0,269
7063,37.0,450
7064,43.0,233
7065,21.0,74
7066,22.0,33
7067,34.0,428
7068,9.0,1
7069,20.0,1
7070,21.0,49
7071,22.0,863
7072,26.0,181
7073,25.0,126
7074,21.0,198
7075,21.0,147
7076,22.0,357
7077,26.0,329
7078,29.0,118
7079,50.0,776
7080,53.0,193
7081,48.0,36
7082,63.0,1
7083,79.0,781
7084,13.0,74
7085,21.0,195
7086,22.0,380
7087,23.0,61
7091,54.0,62
7092,52.0,18
7094,4.0,15
7095,17.0,26
7096,21.0,1
7097,54.0,94
7101,99.0,101
7102,99.0,108
7103,101.0,111
7104,88.0,123
7105,93.0,137
7106,81.0,200
7107,56.0,165
7117,61.0,45
7118,78.0,626
7121,45.0,4
7122,45.0,18
7123,28.0,52
7124,31.0,35
7125,25.0,39
7126,28.0,54
7127,27.0,420
7128,24.0,852
7129,25.0,582
7130,14.0,31
7132,33.0,2
7133,33.0,4
7134,23.0,13
7135,30.0,5
7136,37.0,27
7137,31.0,30
7138,41.0,16
7139,35.0,29
7140,71.0,1083
7141,25.0,469
7142,23.0,794
7143,37.0,785
7145,7.0,1
7146,35.0,121
7149,25.0,3
7150,36.0,190
7151,26.0,161
7152,27.0,262
7153,37.0,107
7154,36.0,72
7155,23.0,77
7156,26.0,299
7157,63.0,416
7158,31.0,87
7159,24.0,198
7160,26.0,232
7161,25.0,204
7162,25.0,214
7163,22.0,605
7164,31.0,577
7165,27.0,319
7166,25.0,474
7167,27.0,553
7168,43.0,101
7170,11.0,10
7171,26.0,595
7172,24.0,115
7173,31.0,148
7174,22.0,162
7175,22.0,462
7176,27.0,106
7177,24.0,87
7178,28.0,319
7179,24.0,200
7180,63.0,582
7181,52.0,160
7182,31.0,41
7183,72.0,649
7184,66.0,269
7185,30.0,69
7186,28.0,275
7191,35.0,152
7192,30.0,36
7193,10.0,24
7195,16.0,12
7196,28.0,1
7197,52.0,97
7201,56.0,50
7202,33.0,172
7203,40.0,151
7204,34.0,249
7205,45.0,130
7206,35.0,230
7207,78.0,209
7208,107.0,145
7209,102.0,156
7210,99.0,154
7211,100.0,142
7212,99.0,126
7213,93.0,120
7214,52.0,2
7216,67.0,24
7217,76.0,284
7218,76.0,401
7221,47.0,4
7222,18.0,15
7223,24.0,50
7224,23.0,126
7225,24.0,198
7226,23.0,407
7227,18.0,75
7228,19.0,69
7229,33.0,26
7230,21.0,17
7233,18.0,32
7234,42.0,6
7235,44.0,21
7236,62.0,2
7238,28.0,36
7239,59.0,562
7240,58.0,1154
7241,18.0,228
7242,30.0,392
7243,38.0,182
7244,16.0,33
7245,7.0,12
7246,40.0,136
7247,52.0,104
7248,31.0,8
7249,26.0,3
7250,48.0,117
7252,37.0,156
7253,31.0,17
7254,22.0,191
7255,22.0,384
7256,21.0,93
7257,59.0,370
7258,17.0,15
7259,15.0,17
7260,28.0,196
7261,29.0,102
7262,31.0,112
7263,25.0,393
7264,32.0,447
7265,26.0,578
7266,29.0,522
7267,34.0,56
7268,34.0,266
7269,20.0,26
7270,31.0,30
7271,30.0,478
7272,29.0,108
7273,27.0,116
7274,27.0,68
7275,29.0,323
7276,44.0,60
7277,38.0,86
7278,25.0,240
7279,17.0,1248
7280,35.0,335
7281,62.0,648
7282,50.0,125
7283,24.0,152
7284,75.0,772
7285,27.0,383
7286,15.0,9
7289,54.0,19
7290,31.0,80
7291,36.0,91
7292,27.0,16
7293,28.0,27
7294,28.0,7
7295,16.0,2
7296,37.0,4
7297,31.0,285
7298,33.0,66
7301,43.0,49
7303,64.0,87
7304,76.0,1
7305,20.0,1
7307,48.0,238
7311,25.0,5
7312,39.0,1
7313,92.0,45
7314,91.0,168
7315,81.0,188
7316,68.0,304
7317,48.0,764
7318,62.0,713
7319,71.0,311
7320,59.0,153
7321,32.0,17
7322,29.0,14
7323,16.0,17
7324,41.0,189
7325,23.0,355
7326,22.0,57
7327,24.0,43
7328,30.0,23
7329,13.0,7
7333,21.0,27
7334,41.0,6
7335,35.0,5
7336,39.0,6
7337,42.0,15
7338,68.0,472
7339,49.0,2056
7340,23.0,152
7341,26.0,76
7342,26.0,567
7343,33.0,106
7344,33.0,125
7345,38.0,86
7346,29.0,28
7347,30.0,34
7348,42.0,127
7349,35.0,171
7350,44.0,442
7351,55.0,248
7352,33.0,270
7353,29.0,59
7354,21.0,88
7355,19.0,560
7356,45.0,282
7357,55.0,205
7358,20.0,58
7359,45.0,121
7360,31.0,350
7361,31.0,129
7362,35.0,60
7363,22.0,327
7364,29.0,691
7365,34.0,442
7366,45.0,177
7367,31.0,57
7368,28.0,267
7369,31.0,206
7370,31.0,120
7371,20.0,922
7372,26.0,269
7373,29.0,112
7374,30.0,116
7375,32.0,217
7376,50.0,54
7377,37.0,51
7378,27.0,80
7379,20.0,601
7380,21.0,122
7381,29.0,449
7382,40.0,1321
7383,31.0,961
7384,52.0,1383
7385,25.0,798
7386,30.0,580
7387,48.0,300
7388,52.0,269
7389,52.0,277
7390,39.0,362
7391,24.0,726
7392,27.0,451
7393,33.0,299
7394,28.0,18
7395,37.0,22
7396,33.0,14
7397,23.0,208
7398,15.0,200
7401,25.0,4
7402,67.0,9
7403,65.0,68
7405,29.0,2
7406,18.0,10
7407,33.0,167
7408,35.0,222
7409,50.0,139
7410,52.0,105
7411,45.0,134
7412,35.0,85
7413,16.0,4
7415,55.0,74
7416,92.0,44
7417,66.0,390
7418,69.0,139
7420,74.0,173
7421,73.0,280
7422,75.0,310
7423,67.0,498
7424,71.0,426
7425,69.0,458
7426,70.0,388
7427,70.0,432
7428,71.0,395
7429,72.0,424
7430,75.0,404
7431,77.0,372
7432,77.0,388
7433,75.0,393
7434,69.0,209
7435,63.0,64
7436,70.0,260
7437,79.0,401
7438,54.0,1618
7439,24.0,436
7440,27.0,95
7441,7.0,4
7442,23.0,591
7443,25.0,161
7444,31.0,116
7445,25.0,102
7446,10.0,12
7447,19.0,11
7448,13.0,34
7449,34.0,484
7450,31.0,43
7451,35.0,78
7452,30.0,186
7453,27.0,128
7454,16.0,445
7455,16.0,207
7456,34.0,706
7457,48.0,115
7458,30.0,219
7459,29.0,29
7460,21.0,216
7461,26.0,352
7462,38.0,88
7463,49.0,68
7464,39.0,193
7465,35.0,461
7466,27.0,567
7467,24.0,305
7468,21.0,47
7469,44.0,159
7470,24.0,87
7471,24.0,396
7472,37.0,178
7473,23.0,64
7474,29.0,330
7475,34.0,98
7476,35.0,40
7477,35.0,100
7478,33.0,257
7479,20.0,47
7480,13.0,67
7481,28.0,63
7482,34.0,198
7483,48.0,665
7484,67.0,1024
7485,41.0,763
7486,30.0,253
7488,34.0,41
7489,24.0,41
7490,21.0,103
7491,19.0,175
7492,21.0,131
7493,26.0,190
7494,37.0,352
7495,35.0,458
7496,27.0,578
7497,26.0,504
7498,32.0,392
7499,56.0,189
7500,50.0,224
7501,46.0,66
7502,66.0,71
7506,14.0,27
7507,21.0,49
7508,44.0,68
7509,13.0,1
7511,37.0,5
7512,32.0,124
7513,40.0,178
7514,46.0,102
7515,53.0,76
7516,86.0,65
7517,82.0,374
7518,17.0,15
7519,26.0,14
7520,29.0,31
7521,38.0,144
7522,47.0,161
7523,63.0,195
7524,56.0,140
7525,47.0,162
7526,54.0,45
7527,41.0,19
7528,50.0,4
7531,33.0,1
7532,57.0,4
7533,70.0,16
7534,71.0,202
7535,68.0,589
7536,65.0,883
7537,48.0,1418
7538,51.0,989
7539,26.0,347
7540,28.0,270
7542,32.0,392
7543,21.0,192
7544,26.0,150
7545,21.0,46
7546,4.0,1
7547,39.0,11
7548,17.0,99
7549,29.0,370
7550,25.0,50
7553,17.0,473
7554,18.0,618
7555,23.0,217
7556,33.0,835
7557,20.0,157
7558,41.0,40
7559,28.0,38
7560,26.0,151
7561,21.0,255
7562,18.0,33
7563,28.0,48
7564,21.0,477
7565,31.0,641
7566,37.0,346
7567,30.0,169
7568,22.0,112
7569,33.0,89
7570,38.0,75
7571,23.0,45
7572,33.0,375
7573,33.0,151
7574,45.0,34
7575,27.0,69
7576,45.0,32
7577,32.0,128
7578,26.0,340
7579,21.0,249
7580,20.0,89
7581,20.0,33
7583,59.0,7
7584,66.0,1160
7585,33.0,377
7586,50.0,43
7587,43.0,67
7588,28.0,14
7589,30.0,8
7590,29.0,9
7591,30.0,123
7592,23.0,66
7593,23.0,67
7594,21.0,44
7595,24.0,111
7596,34.0,134
7597,30.0,56
7600,13.0,16
7601,56.0,56
7602,47.0,190
7603,48.0,47
7607,33.0,1
7608,30.0,117
7609,23.0,5
7611,10.0,3
7612,26.0,66
7613,28.0,7
7614,31.0,261
7615,52.0,118
7616,81.0,396
7617,85.0,44
7618,16.0,16
7619,22.0,24
7620,36.0,211
7621,28.0,187
7622,26.0,48
7623,20.0,10
7624,11.0,2
7625,19.0,43
7626,51.0,158
7627,23.0,2
7629,16.0,25
7630,18.0,18
7634,62.0,216
7635,76.0,610
7636,33.0,842
7637,17.0,276
7638,55.0,582
7639,57.0,981
7640,30.0,271
7641,31.0,439
7642,22.0,1260
7643,29.0,766
7644,32.0,400
7645,29.0,56
7646,18.0,97
7647,17.0,46
7648,44.0,281
7649,51.0,4
7650,32.0,45
7651,28.0,100
7652,21.0,140
7653,20.0,475
7654,18.0,195
7655,19.0,41
7656,58.0,478
7657,45.0,31
7658,28.0,26
7659,28.0,74
7660,23.0,211
7661,18.0,211
7662,25.0,95
7663,25.0,76
7664,17.0,177
7665,25.0,503
7666,27.0,662
7667,36.0,300
7668,26.0,57
7669,54.0,26
7670,43.0,82
7671,18.0,181
7672,26.0,562
7673,34.0,128
7676,23.0,5
7677,34.0,100
7678,29.0,273
7679,16.0,44
7683,71.0,59
7684,76.0,830
7685,41.0,99
7686,39.0,92
7687,45.0,36
7688,38.0,62
7689,25.0,37
7690,34.0,42
7691,29.0,161
7692,27.0,76
7693,24.0,2
7694,42.0,17
7695,14.0,48
7696,47.0,103
7697,42.0,20
7700,10.0,1
7702,34.0,74
7703,53.0,43
7704,57.0,73
7705,42.0,85
7706,37.0,69
7708,36.0,108
7709,48.0,101
7710,23.0,25
7711,30.0,19
7712,36.0,25
7713,26.0,38
7714,41.0,116
7715,33.0,2
7716,75.0,465
7717,61.0,24
7718,84.0,18
7719,83.0,68
7720,39.0,193
7721,42.0,2
7723,28.0,1
7724,23.0,1
7725,29.0,13
7726,61.0,128
7727,65.0,3
7729,19.0,28
7730,28.0,10
7731,44.0,47
7732,51.0,23
7733,82.0,314
7734,84.0,518
7735,20.0,226
7736,25.0,617
7737,15.0,186
7738,23.0,56
7739,59.0,255
7740,62.0,1114
7741,44.0,286
7742,34.0,245
7743,22.0,59
7744,46.0,226
7745,48.0,471
7746,24.0,954
7747,22.0,1534
7748,30.0,63
7749,12.0,8
7751,31.0,34
7752,21.0,62
7753,17.0,754
7754,22.0,465
7755,65.0,490
7756,60.0,89
7757,45.0,32
7759,18.0,23
7760,25.0,154
7761,32.0,86
7762,41.0,19
7763,5.0,1
7764,21.0,9
7765,30.0,405
7766,53.0,314
7767,34.0,307
7768,28.0,380
7769,30.0,247
7770,40.0,183
7771,25.0,80
7772,28.0,544
7773,26.0,156
7774,17.0,24
7777,32.0,224
7778,31.0,112
7779,41.0,3
7780,21.0,3
7782,21.0,5
7783,80.0,572
7784,71.0,391
7785,18.0,96
7786,40.0,129
7787,42.0,68
7788,23.0,99
7789,32.0,46
7790,33.0,61
7791,38.0,49
7792,25.0,37
7793,34.0,49
7794,27.0,46
7795,43.0,123
7796,55.0,37
7797,29.0,3
7798,33.0,1
7801,38.0,22
7802,49.0,5
7805,51.0,54
7806,49.0,41
7808,2.0,1
7809,41.0,108
7810,42.0,76
7811,22.0,157
7812,21.0,109
7813,35.0,73
7814,52.0,21
7815,37.0,12
7816,61.0,194
7817,66.0,420
7818,62.0,178
7819,42.0,39
7820,40.0,181
7821,21.0,13
7823,25.0,28
7824,26.0,37
7825,21.0,59
7826,13.0,28
7827,66.0,191
7828,32.0,89
7829,34.0,104
7830,26.0,198
7831,32.0,114
7832,86.0,430
7833,82.0,372
7835,32.0,413
7836,19.0,733
7837,18.0,419
7838,11.0,12
7839,21.0,2
7841,64.0,900
7842,64.0,661
7846,34.0,85
7847,36.0,222
7848,41.0,316
7849,41.0,320
7850,32.0,402
7851,23.0,456
7852,40.0,184
7853,29.0,211
7854,38.0,1087
7855,23.0,678
7856,38.0,18
7857,40.0,29
7860,20.0,81
7861,28.0,234
7862,30.0,38
7864,56.0,53
7865,37.0,309
7866,28.0,728
7867,30.0,755
7868,27.0,136
7869,24.0,57
7870,39.0,130
7871,37.0,234
7872,28.0,802
7873,17.0,82
7874,17.0,38
7876,2.0,1
7877,40.0,123
7878,30.0,194
7879,29.0,61
7880,24.0,15
7881,6.0,4
7882,31.0,6
7883,82.0,809
7884,33.0,83
7885,38.0,128
7886,16.0,26
7887,28.0,221
7888,20.0,137
7889,22.0,132
7890,25.0,91
7891,29.0,104
7892,30.0,14
7893,17.0,2
7894,62.0,18
7895,52.0,71
7899,17.0,5
7900,22.0,16
7901,46.0,12
7905,41.0,203
7906,51.0,73
7907,40.0,138
7908,25.0,130
7909,29.0,127
7910,23.0,91
7911,16.0,355
7912,25.0,430
7913,34.0,178
7914,39.0,126
7916,61.0,121
7917,68.0,524
7918,45.0,173
7919,34.0,627
7920,39.0,54
7921,27.0,76
7922,28.0,21
7923,48.0,23
7924,46.0,23
7925,28.0,37
7926,24.0,27
7927,74.0,153
7928,44.0,134
7929,24.0,85
7930,70.0,36
7931,87.0,623
7932,66.0,227
7933,22.0,27
7934,32.0,149
7935,35.0,203
7936,25.0,336
7937,27.0,217
7938,11.0,23
7939,10.0,10
7940,41.0,217
7941,48.0,30
7942,65.0,323
7943,65.0,929
7944,51.0,134
7945,57.0,18
7946,35.0,291
7947,17.0,3
7949,18.0,10
7950,27.0,118
7951,24.0,374
7952,23.0,498
7953,57.0,573
7954,44.0,186
7955,21.0,429
7956,33.0,348
7957,43.0,154
7958,13.0,7
7960,12.0,3
7961,28.0,209
7962,31.0,2
7963,55.0,138
7964,41.0,334
7965,19.0,65
7966,26.0,139
7967,50.0,339
7968,33.0,450
7969,25.0,52
7970,16.0,11
7971,30.0,16
7972,22.0,289
7973,25.0,954
7974,27.0,288
7977,23.0,348
7978,36.0,101
7979,31.0,343
7980,26.0,51
7982,28.0,17
7983,79.0,749
7984,73.0,179
7985,26.0,333
7986,30.0,102
7987,19.0,233
7988,22.0,449
7989,24.0,259
7990,28.0,242
7991,29.0,35
7992,22.0,163
7993,12.0,10
7994,37.0,124
7996,15.0,11
7997,16.0,3
8000,46.0,14
8005,51.0,121
8006,21.0,84
8007,25.0,88
8008,26.0,214
8009,27.0,144
8010,19.0,165
8011,17.0,242
8012,20.0,353
8013,24.0,141
8014,37.0,20
8015,51.0,81
8016,65.0,287
8017,67.0,365
8018,49.0,64
8019,41.0,243
8020,6.0,4
8021,51.0,23
8022,45.0,39
8023,56.0,6
8024,31.0,13
8025,35.0,12
8026,47.0,73
8027,62.0,216
8028,63.0,67
8029,84.0,207
8030,94.0,602
8031,62.0,32
8032,30.0,96
8033,27.0,180
8034,24.0,577
8035,20.0,171
8036,19.0,364
8039,43.0,53
8040,50.0,106
8042,39.0,28
8043,35.0,48
8044,65.0,862
8045,70.0,492
8046,28.0,395
8047,29.0,5
8048,36.0,6
8049,28.0,25
8050,24.0,94
8051,24.0,537
8052,65.0,529
8053,56.0,197
8054,20.0,176
8055,20.0,173
8056,19.0,34
8057,46.0,240
8058,64.0,144
8059,66.0,179
8060,48.0,231
8061,29.0,536
8062,56.0,213
8063,57.0,102
8064,40.0,236
8065,16.0,37
8066,19.0,65
8067,35.0,499
8068,35.0,447
8069,5.0,1
8072,14.0,50
8073,25.0,1004
8074,28.0,460
8075,40.0,426
8076,37.0,52
8077,35.0,220
8078,20.0,70
8079,33.0,111
8080,33.0,134
8081,30.0,470
8082,34.0,506
8083,48.0,1105
8084,67.0,719
8085,57.0,708
8086,14.0,76
8087,19.0,265
8088,21.0,239
8089,21.0,241
8090,28.0,146
8091,31.0,177
8092,24.0,249
8093,32.0,235
8094,30.0,234
8095,44.0,121
8096,58.0,81
8097,55.0,78
8098,51.0,82
8099,60.0,65
8100,38.0,293
8101,47.0,28
8102,39.0,28
8104,48.0,2
8105,57.0,100
8106,24.0,55
8107,24.0,141
8108,22.0,122
8109,25.0,175
8110,16.0,229
8111,9.0,19
8112,19.0,394
8113,22.0,226
8114,31.0,189
8115,61.0,313
8116,36.0,181
8117,79.0,228
8118,51.0,55
8119,28.0,326
8120,32.0,267
8121,50.0,106
8122,45.0,125
8123,30.0,201
8124,53.0,87
8125,37.0,129
8126,31.0,61
8127,55.0,49
8128,85.0,569
8129,85.0,475
8130,64.0,196
8131,61.0,250
8132,45.0,330
8133,27.0,777
8134,38.0,434
8135,35.0,516
8136,36.0,243
8137,37.0,120
8138,28.0,360
8139,33.0,252
8140,30.0,39
8141,20.0,41
8142,33.0,121
8143,26.0,95
8144,23.0,51
8145,60.0,487
8146,62.0,1163
8147,52.0,127
8148,5.0,1
8149,19.0,63
8150,17.0,98
8151,39.0,1009
8152,42.0,381
8153,24.0,83
8154,20.0,151
8155,21.0,119
8156,31.0,150
8157,30.0,324
8158,56.0,22
8159,26.0,45
8160,25.0,65
8161,26.0,122
8162,22.0,11
8163,48.0,201
8166,10.0,10
8167,57.0,99
8168,38.0,436
8169,27.0,555
8170,27.0,113
8171,35.0,83
8172,29.0,28
8173,33.0,814
8174,21.0,243
8175,26.0,460
8176,29.0,730
8177,27.0,657
8178,38.0,157
8179,33.0,275
8180,36.0,200
8181,43.0,314
8182,33.0,43
8183,64.0,536
8184,29.0,29
8185,45.0,1352
8186,46.0,475
8187,19.0,260
8188,20.0,233
8189,18.0,367
8190,20.0,245
8191,26.0,220
8192,32.0,58
8193,20.0,126
8194,28.0,69
8195,23.0,42
8196,7.0,15
8199,61.0,38
8200,56.0,81
8202,32.0,9
8203,30.0,35
8204,37.0,141
8205,35.0,67
8206,28.0,77
8207,28.0,125
8208,25.0,104
8209,25.0,132
8210,17.0,257
8211,22.0,596
8212,25.0,199
8213,23.0,189
8214,63.0,163
8215,53.0,189
8216,38.0,62
8217,96.0,167
8218,37.0,81
8219,27.0,170
8220,24.0,150
8221,18.0,59
8222,51.0,79
8226,70.0,1
8227,98.0,512
8228,87.0,198
8229,72.0,122
8230,79.0,13
8231,16.0,9
8232,16.0,348
8233,25.0,980
8234,32.0,39
8235,28.0,119
8236,47.0,351
8237,12.0,1
8238,37.0,195
8239,21.0,13
8240,23.0,93
8241,20.0,68
8242,22.0,188
8243,18.0,107
8244,19.0,232
8245,30.0,163
8246,34.0,96
8247,75.0,839
8248,66.0,516
8249,51.0,116
8250,28.0,315
8251,45.0,1147
8252,33.0,71
8253,36.0,57
8254,26.0,22
8256,47.0,57
8258,53.0,12
8259,38.0,10
8260,28.0,6
8261,27.0,109
8262,23.0,126
8263,34.0,347
8268,57.0,295
8269,25.0,641
8270,41.0,319
8271,33.0,550
8272,30.0,741
8273,32.0,599
8274,21.0,151
8275,20.0,166
8276,37.0,188
8277,39.0,199
8278,36.0,160
8279,53.0,58
8280,27.0,317
8281,29.0,421
8282,34.0,146
8283,76.0,210
8284,77.0,316
8285,14.0,79
8286,68.0,655
8287,86.0,317
8288,18.0,40
8289,20.0,262
8290,20.0,192
8291,24.0,121
8292,30.0,114
8293,25.0,171
8294,27.0,103
8295,20.0,68
8296,11.0,18
8299,63.0,111
8301,53.0,3
8302,44.0,44
8303,29.0,110
8304,34.0,267
8305,23.0,5
8306,37.0,190
8307,27.0,398
8308,22.0,446
8309,24.0,414
8310,22.0,822
8311,30.0,157
8312,34.0,58
8313,41.0,84
8314,57.0,330
8315,27.0,24
8316,25.0,28
8317,88.0,156
8318,40.0,89
8319,38.0,58
8320,29.0,165
8321,40.0,56
8322,45.0,61
8325,103.0,113
8326,102.0,444
8327,101.0,21
8331,40.0,7
8332,24.0,674
8333,30.0,82
8335,35.0,72
8336,36.0,37
8337,42.0,471
8338,39.0,184
8339,27.0,151
8340,26.0,188
8341,32.0,231
8342,22.0,203
8343,18.0,136
8344,23.0,68
8345,29.0,243
8346,42.0,76
8347,39.0,73
8348,72.0,445
8349,72.0,774
8350,36.0,320
8351,49.0,944
8352,49.0,213
8353,28.0,23
8354,22.0,2
8356,47.0,75
8358,27.0,62
8359,31.0,31
8360,25.0,91
8361,21.0,260
8362,14.0,152
8363,31.0,585
8364,56.0,202
8365,50.0,243
8366,38.0,345
8367,48.0,250
8368,27.0,1118
8369,27.0,1277
8370,31.0,178
8371,18.0,266
8372,14.0,314
8373,23.0,558
8374,19.0,438
8375,17.0,107
8376,16.0,190
8377,31.0,314
8378,29.0,153
8379,29.0,539
8380,36.0,150
8381,23.0,152
8382,22.0,68
8383,22.0,9
8384,77.0,375
8385,38.0,56
8386,35.0,144
8387,87.0,287
8388,86.0,559
8389,34.0,136
8390,26.0,166
8391,30.0,83
8392,22.0,44
8393,40.0,183
8394,27.0,36
8395,21.0,9
8396,11.0,4
8399,64.0,95
8401,34.0,120
8402,25.0,138
8403,21.0,298
8404,27.0,511
8405,37.0,226
8406,38.0,25
8407,30.0,54
8408,20.0,140
8409,37.0,128
8410,18.0,23
8411,37.0,171
8412,31.0,52
8413,55.0,436
8414,31.0,50
8415,35.0,48
8416,90.0,95
8417,80.0,68
8418,10.0,1
8420,45.0,80
8421,38.0,18
8422,45.0,127
8423,54.0,63
8424,106.0,247
8425,104.0,292
8426,45.0,13
8427,20.0,1
8431,23.0,4
8432,30.0,447
8433,26.0,3
8435,50.0,49
8437,33.0,504
8438,48.0,208
8440,7.0,1
8441,31.0,104
8442,22.0,41
8443,14.0,28
8444,26.0,86
8445,33.0,145
8446,14.0,8
8447,14.0,17
8449,58.0,123
8450,58.0,1276
8451,62.0,1019
8452,48.0,711
8453,35.0,314
8454,45.0,212
8455,32.0,263
8456,37.0,116
8457,12.0,17
8458,32.0,64
8459,22.0,31
8460,22.0,27
8461,18.0,241
8462,21.0,125
8463,31.0,279
8465,2.0,1
8466,27.0,3
8468,28.0,43
8469,48.0,739
8470,29.0,144
8471,20.0,418
8472,18.0,514
8473,20.0,352
8474,20.0,1166
8475,22.0,426
8476,19.0,301
8477,23.0,473
8478,30.0,602
8479,36.0,40
8480,26.0,120
8481,7.0,33
8482,12.0,12
8484,78.0,423
8485,46.0,58
8486,27.0,11
8487,41.0,34
8488,24.0,344
8489,86.0,615
8490,83.0,270
8491,22.0,168
8492,40.0,94
8493,32.0,246
8494,27.0,58
8495,37.0,11
8496,17.0,4
8498,59.0,91
8499,66.0,12
8502,11.0,60
8503,24.0,326
8504,33.0,182
8505,24.0,88
8506,30.0,75
8507,21.0,4
8508,28.0,118
8509,24.0,211
8510,17.0,18
8511,34.0,146
8512,36.0,454
8513,49.0,114
8514,20.0,10
8515,42.0,25
8516,77.0,203
8517,33.0,6
8520,42.0,66
8523,104.0,397
8524,74.0,296
8525,42.0,96
8526,33.0,9
8531,37.0,386
8532,26.0,12
8534,5.0,2
8535,39.0,81
8536,35.0,216
8537,41.0,23
8538,54.0,92
8539,52.0,249
8540,25.0,161
8541,27.0,134
8542,25.0,109
8543,37.0,93
8544,34.0,157
8545,48.0,64
8550,39.0,475
8551,58.0,1199
8552,77.0,523
8553,27.0,106
8554,37.0,57
8555,26.0,169
8556,39.0,212
8557,47.0,192
8558,29.0,194
8559,20.0,219
8560,18.0,279
8561,22.0,78
8562,37.0,103
8563,45.0,134
8569,52.0,651
8570,18.0,69
8571,25.0,184
8572,21.0,305
8573,18.0,117
8574,32.0,295
8575,34.0,135
8576,19.0,470
8577,28.0,146
8578,27.0,498
8579,41.0,85
8580,35.0,10
8581,34.0,2
8582,34.0,1
8583,84.0,228
8584,82.0,179
8585,37.0,91
8586,30.0,21
8587,35.0,35
8588,24.0,249
8589,13.0,127
8590,87.0,328
8591,73.0,641
8592,79.0,534
8593,78.0,517
8594,91.0,443
8595,89.0,418
8596,92.0,445
8597,92.0,403
8598,68.0,232
8601,31.0,73
8602,31.0,193
8603,27.0,128
8604,72.0,102
8605,39.0,315
8606,40.0,313
8607,59.0,199
8608,29.0,700
8609,48.0,299
8610,49.0,288
8611,28.0,790
8612,36.0,107
8613,22.0,11
8616,60.0,278
8617,55.0,5
8618,38.0,4
8619,32.0,27
8620,38.0,65
8621,103.0,72
8622,108.0,438
8623,92.0,62
8624,44.0,97
8625,30.0,13
8626,47.0,88
8627,53.0,66
8628,29.0,139
8629,39.0,7
8630,21.0,110
8631,31.0,363
8632,15.0,34
8633,34.0,89
8634,33.0,70
8635,25.0,93
8636,30.0,148
8637,22.0,194
8638,9.0,70
8639,38.0,144
8640,58.0,281
8641,8.0,12
8642,12.0,19
8643,40.0,108
8644,61.0,29
8647,13.0,2
8648,22.0,7
8649,23.0,120
8650,54.0,469
8651,49.0,125
8652,51.0,247
8653,72.0,622
8654,68.0,370
8655,25.0,245
8656,13.0,9
8657,52.0,50
8658,23.0,49
8659,18.0,125
8660,21.0,177
8661,25.0,70
8662,33.0,276
8663,41.0,15
8668,17.0,8
8669,53.0,242
8670,43.0,577
8671,22.0,239
8672,20.0,295
8673,21.0,353
8674,20.0,472
8675,24.0,815
8676,28.0,230
8677,38.0,198
8678,7.0,3
8679,60.0,188
8683,82.0,439
8685,31.0,71
8686,37.0,52
8687,11.0,6
8688,22.0,193
8689,29.0,51
8690,36.0,41
8691,40.0,57
8692,31.0,392
8693,29.0,24
8695,33.0,44
8697,64.0,18
8698,84.0,116
8701,27.0,652
8702,43.0,343
8703,65.0,176
8704,72.0,60
8705,29.0,58
8706,29.0,5
8707,50.0,1
8708,36.0,254
8710,9.0,35
8711,35.0,223
8716,40.0,428
8717,40.0,12
8718,28.0,53
8719,24.0,169
8720,106.0,213
8721,109.0,321
8723,26.0,11
8724,39.0,105
8725,34.0,11
8728,41.0,119
8729,33.0,52
8730,27.0,530
8731,27.0,131
8732,26.0,216
8733,21.0,274
8734,22.0,251
8735,21.0,284
8736,23.0,389
8737,21.0,386
8738,32.0,163
8739,23.0,247
8740,50.0,77
8741,67.0,216
8742,72.0,171
8743,59.0,106
8744,57.0,37
8747,17.0,1
8748,31.0,5
8749,41.0,173
8750,71.0,376
8751,32.0,115
8752,25.0,46
8753,26.0,66
8754,57.0,351
8755,67.0,712
8756,81.0,510
8757,43.0,119
8758,21.0,16
8759,19.0,206
8760,25.0,79
8761,25.0,16
8762,35.0,186
8769,49.0,38
8770,40.0,850
8771,25.0,128
8772,21.0,68
8773,18.0,406
8774,19.0,440
8775,24.0,217
8776,24.0,391
8779,62.0,13
8780,61.0,158
8783,83.0,396
8785,44.0,23
8786,36.0,41
8787,10.0,12
8788,23.0,165
8789,33.0,23
8790,34.0,14
8791,35.0,3
8792,28.0,144
8793,21.0,283
8794,34.0,35
8795,6.0,2
8801,25.0,94
8802,23.0,43
8803,35.0,35
8805,38.0,44
8807,32.0,9
8808,47.0,178
8811,45.0,143
8812,11.0,2
8816,72.0,151
8817,74.0,64
8818,39.0,47
8819,100.0,389
8820,92.0,262
8821,9.0,7
8822,34.0,96
8823,28.0,140
8824,33.0,60
8825,26.0,79
8828,39.0,130
8829,39.0,192
8830,32.0,98
8832,38.0,56
8834,28.0,96
8835,23.0,259
8836,17.0,129
8837,22.0,80
8838,24.0,81
8839,25.0,199
8840,21.0,14
8841,33.0,8
8843,69.0,116
8844,72.0,198
8845,78.0,171
8846,77.0,49
8847,5.0,1
8849,39.0,144
8850,66.0,434
8851,30.0,223
8852,34.0,58
8853,19.0,28
8854,23.0,98
8855,24.0,164
8856,55.0,77
8857,88.0,508
8858,73.0,622
8859,50.0,732
8860,46.0,120
8861,30.0,60
8862,35.0,206
8869,36.0,99
8870,25.0,1476
8871,34.0,346
8872,31.0,36
8873,17.0,294
8874,18.0,532
8875,22.0,512
8876,23.0,218
8877,28.0,90
8880,58.0,80
8881,43.0,144
8883,77.0,372
8885,36.0,41
8886,26.0,65
8887,21.0,24
8888,33.0,83
8889,24.0,5
8890,29.0,27
8891,19.0,6
8892,31.0,76
8893,29.0,45
8901,24.0,113
8902,18.0,51
8903,31.0,86
8904,32.0,17
8905,43.0,33
8907,50.0,168
8908,60.0,1
8909,16.0,13
8910,6.0,9
8911,34.0,153
8912,47.0,111
8913,49.0,68
8914,15.0,15
8915,32.0,7
8916,40.0,62
8917,73.0,321
8918,92.0,469
8919,101.0,79
8920,41.0,38
8921,33.0,154
8922,28.0,131
8923,24.0,72
8924,29.0,63
8925,25.0,159
8926,24.0,159
8927,47.0,45
8928,37.0,195
8929,31.0,470
8930,35.0,4
8931,30.0,79
8932,28.0,19
8933,12.0,1
8934,30.0,48
8935,21.0,287
8936,18.0,83
8937,9.0,1
8938,32.0,47
8939,27.0,163
8940,26.0,69
8941,24.0,90
8942,37.0,24
8943,29.0,34
8944,25.0,120
8945,6.0,18
8946,77.0,166
8947,13.0,2
8948,6.0,8
8949,42.0,129
8950,37.0,198
8951,62.0,399
8952,28.0,163
8953,27.0,260
8954,28.0,246
8955,24.0,390
8956,36.0,89
8957,26.0,100
8958,33.0,169
8959,50.0,368
8960,82.0,515
8961,79.0,559
8962,49.0,514
8963,51.0,149
8964,50.0,94
8968,12.0,29
8969,28.0,162
8970,24.0,267
8971,40.0,721
8972,48.0,765
8973,31.0,643
8974,20.0,342
8975,21.0,374
8976,22.0,122
8977,23.0,186
8978,33.0,78
8979,52.0,50
8980,52.0,43
8981,30.0,356
8982,39.0,232
8983,60.0,583
8985,36.0,42
8986,22.0,89
8987,28.0,61
8988,32.0,92
8990,15.0,5
9001,33.0,65
9002,23.0,69
9003,30.0,100
9004,37.0,41
9005,40.0,43
9006,52.0,18
9007,35.0,266
9008,44.0,70
9009,35.0,72
9010,35.0,63
9011,25.0,114
9012,26.0,99
9013,31.0,252
9014,49.0,61
9015,42.0,54
9016,50.0,590
9017,44.0,1288
9019,22.0,16
9020,38.0,116
9021,29.0,14
9022,26.0,104
9023,14.0,40
9024,32.0,15
9025,36.0,81
9026,29.0,34
9027,26.0,35
9028,50.0,306
9030,42.0,137
9031,30.0,225
9032,29.0,183
9033,29.0,178
9034,31.0,225
9035,26.0,267
9036,38.0,120
9037,27.0,137
9038,25.0,120
9039,38.0,24
9040,36.0,72
9041,52.0,65
9042,55.0,72
9043,37.0,93
9044,25.0,116
9045,22.0,41
9046,70.0,201
9047,37.0,40
9048,22.0,183
9049,26.0,133
9050,25.0,119
9051,51.0,645
9052,14.0,12
9053,25.0,46
9054,25.0,4
9055,24.0,212
9056,26.0,116
9057,25.0,373
9058,25.0,268
9059,26.0,153
9060,23.0,74
9061,20.0,9
9062,86.0,313
9063,87.0,444
9064,75.0,657
9065,78.0,532
9066,74.0,555
9067,81.0,491
9068,79.0,492
9069,65.0,707
9070,49.0,538
9071,27.0,98
9072,26.0,357
9073,40.0,1092
9074,45.0,783
9075,36.0,543
9076,31.0,28
9077,20.0,42
9078,31.0,233
9081,45.0,41
9082,24.0,1337
9083,54.0,588
9084,36.0,73
9085,21.0,85
9086,20.0,135
9087,32.0,58
9088,27.0,67
9101,32.0,15
9102,36.0,88
9103,30.0,61
9104,57.0,19
9107,43.0,222
9111,14.0,64
9112,22.0,20
9113,34.0,81
9114,46.0,107
9115,85.0,577
9116,73.0,470
9117,72.0,47
9118,9.0,1
9119,32.0,27
9120,37.0,99
9121,15.0,21
9122,28.0,117
9123,17.0,155
9124,28.0,43
9125,35.0,65
9126,30.0,53
9127,58.0,200
9128,61.0,45
9131,15.0,11
9132,17.0,11
9133,26.0,5
9134,35.0,153
9136,12.0,25
9137,16.0,12
9144,31.0,372
9145,51.0,252
9146,44.0,178
9147,29.0,23
9148,23.0,216
9149,17.0,21
9150,19.0,33
9151,60.0,433
9152,39.0,38
9153,21.0,60
9154,10.0,4
9155,23.0,169
9156,24.0,79
9157,19.0,211
9158,20.0,374
9159,29.0,85
9160,30.0,83
9161,28.0,60
9162,28.0,60
9163,27.0,93
9164,33.0,256
9165,29.0,111
9166,47.0,61
9167,39.0,93
9168,37.0,82
9169,29.0,138
9170,59.0,418
9171,75.0,496
9172,64.0,803
9173,75.0,540
9174,65.0,631
9175,49.0,721
9176,41.0,609
9177,55.0,112
9178,28.0,408
9179,39.0,117
9180,37.0,124
9181,35.0,611
9182,26.0,481
9183,60.0,94
9184,62.0,219
9185,33.0,8
9186,30.0,123
9187,53.0,50
9202,38.0,75
9203,12.0,1
9204,30.0,40
9205,35.0,37
9206,36.0,129
9207,48.0,83
9211,14.0,10
9212,15.0,1
9213,102.0,57
9214,83.0,850
9215,90.0,141
9216,19.0,3
9217,28.0,8
9218,31.0,32
9219,37.0,132
9220,34.0,155
9221,40.0,86
9222,24.0,290
9223,28.0,171
9224,42.0,75
9225,32.0,166
9226,35.0,166
9227,41.0,204
9233,42.0,110
9234,16.0,33
9242,48.0,52
9243,36.0,164
9244,33.0,102
9245,71.0,163
9246,57.0,8
9247,53.0,38
9248,28.0,185
9249,27.0,8
9250,18.0,3
9251,72.0,367
9252,26.0,37
9253,31.0,8
9254,18.0,1
9255,24.0,183
9256,21.0,104
9257,21.0,194
9258,20.0,179
9259,18.0,120
9260,27.0,88
9261,24.0,129
9262,29.0,7
9263,23.0,6
9264,29.0,300
9265,21.0,169
9266,25.0,142
9267,19.0,157
9268,24.0,171
9269,20.0,302
9270,21.0,316
9271,20.0,221
9272,28.0,422
9273,30.0,40
9274,45.0,52
9275,61.0,459
9276,63.0,1165
9277,64.0,561
9278,60.0,650
9279,35.0,1203
9280,37.0,396
9282,14.0,56
9283,23.0,536
9284,26.0,360
9285,54.0,263
9286,29.0,45
9301,47.0,2
9302,39.0,82
9303,43.0,20
9304,24.0,30
9305,33.0,91
9306,37.0,233
9307,8.0,10
9312,105.0,244
9313,101.0,516
9314,33.0,304
9315,50.0,50
9316,20.0,6
9317,23.0,47
9318,21.0,70
9319,30.0,241
9320,30.0,89
9321,26.0,87
9322,28.0,139
9323,30.0,28
9324,44.0,26
9325,32.0,269
9326,31.0,491
9327,53.0,14
9331,41.0,16
9332,45.0,28
9333,52.0,62
9334,33.0,8
9342,46.0,116
9343,34.0,68
9344,43.0,37
9345,77.0,167
9348,32.0,161
9349,25.0,28
9350,26.0,6
9351,71.0,291
9352,46.0,146
9354,23.0,55
9355,24.0,177
9356,35.0,20
9357,36.0,65
9358,28.0,169
9359,28.0,80
9360,33.0,16
9361,22.0,50
9362,33.0,62
9363,25.0,127
9364,35.0,228
9365,25.0,75
9366,19.0,50
9367,24.0,180
9368,20.0,227
9369,19.0,244
9370,17.0,125
9371,18.0,106
9372,30.0,383
9373,38.0,79
9374,42.0,16
9375,4.0,1
9376,63.0,552
9377,45.0,397
9378,43.0,410
9379,42.0,332
9380,46.0,1015
9381,88.0,322
9382,86.0,301
9383,47.0,873
9384,55.0,286
9385,61.0,227
9386,39.0,75
9387,4.0,3
9401,30.0,69
9402,21.0,176
9403,32.0,56
9404,35.0,39
9405,29.0,120
9406,29.0,298
9407,18.0,10
9408,6.0,9
9411,101.0,382
9412,103.0,332
9414,44.0,129
9415,60.0,32
9416,60.0,84
9417,33.0,164
9418,39.0,156
9419,26.0,143
9420,28.0,35
9421,10.0,37
9422,22.0,219
9423,42.0,56
9424,40.0,60
9425,47.0,213
9426,54.0,60
9427,58.0,13
9428,30.0,78
9429,15.0,44
9430,35.0,34
9431,46.0,26
9433,46.0,32
9434,33.0,64
9442,47.0,103
9443,36.0,76
9444,17.0,8
9445,73.0,171
9446,55.0,31
9447,31.0,30
9448,50.0,81
9449,25.0,8
9450,29.0,27
9451,41.0,221
9452,53.0,720
9453,1.0,1
9454,29.0,114
9455,32.0,80
9456,27.0,159
9457,39.0,27
9458,36.0,155
9459,25.0,27
9460,34.0,18
9461,22.0,34
9462,40.0,5
9463,42.0,189
9464,30.0,78
9465,24.0,83
9466,20.0,95
9467,20.0,137
9468,15.0,158
9469,22.0,264
9470,16.0,87
9471,20.0,76
9472,29.0,410
9473,35.0,66
9474,39.0,88
9475,20.0,219
9476,48.0,688
9477,36.0,324
9478,33.0,313
9479,33.0,129
9480,32.0,256
9481,27.0,135
9484,70.0,218
9485,61.0,385
9486,35.0,595
9487,65.0,129
9501,18.0,77
9502,38.0,38
9503,51.0,13
9504,33.0,122
9505,31.0,143
9506,34.0,253
9507,36.0,30
9508,32.0,31
9509,85.0,35
9510,91.0,621
9511,86.0,184
9514,53.0,111
9517,23.0,20
9518,25.0,142
9519,42.0,65
9520,43.0,66
9521,14.0,34
9522,26.0,129
9523,7.0,11
9524,56.0,143
9525,61.0,58
9526,54.0,55
9528,33.0,39
9529,42.0,29
9534,44.0,77
9535,28.0,244
9536,53.0,107
9537,59.0,83
9538,49.0,94
9539,54.0,128
9540,51.0,114
9541,32.0,266
9542,32.0,85
9543,21.0,194
9544,37.0,28
9545,16.0,13
9546,74.0,172
9547,54.0,411
9548,71.0,210
9549,73.0,214
9550,56.0,306
9551,43.0,498
9552,61.0,325
9553,58.0,589
9554,63.0,157
9555,24.0,46
9556,29.0,199
9557,57.0,72
9558,40.0,203
9559,19.0,27
9560,15.0,18
9561,20.0,7
9563,43.0,133
9564,28.0,97
9565,27.0,147
9566,30.0,121
9567,25.0,280
9568,13.0,47
9569,32.0,154
9570,28.0,132
9571,27.0,120
9572,32.0,345
9573,15.0,11
9574,35.0,45
9575,40.0,56
9576,42.0,79
9577,41.0,1025
9578,34.0,62
9579,37.0,48
9581,3.0,3
9601,9.0,5
9603,46.0,77
9604,37.0,114
9605,28.0,390
9606,28.0,520
9607,38.0,309
9608,74.0,377
9609,94.0,672
9610,31.0,35
9611,15.0,1
9612,65.0,1
9613,59.0,92
9614,40.0,292
9615,65.0,99
9617,30.0,15
9620,60.0,1
9621,47.0,45
9622,33.0,103
9623,38.0,184
9624,34.0,236
9625,40.0,41
9626,55.0,29
9628,49.0,1
9629,26.0,18
9630,55.0,1
9635,51.0,86
9638,22.0,13
9639,60.0,15
9642,25.0,148
9643,26.0,124
9644,19.0,220
9645,31.0,65
9646,40.0,28
9647,27.0,242
9648,21.0,4
9649,32.0,8
9650,19.0,81
9651,27.0,127
9652,26.0,132
9653,21.0,127
9654,69.0,361
9655,66.0,531
9656,32.0,125
9657,30.0,17
9658,32.0,209
9659,45.0,88
9660,61.0,71
9661,71.0,34
9662,50.0,65
9663,29.0,103
9664,32.0,41
9665,19.0,75
9666,26.0,131
9667,20.0,236
9668,22.0,348
9669,27.0,439
9670,49.0,123
9671,48.0,137
9672,29.0,497
9673,24.0,237
9674,29.0,106
9675,41.0,35
9676,47.0,244
9677,45.0,970
9678,61.0,253
9679,63.0,199
9701,58.0,85
9702,56.0,66
9703,36.0,39
9704,2.0,1
9705,34.0,115
9706,28.0,362
9707,96.0,415
9708,88.0,511
9709,43.0,13
9710,69.0,67
9711,65.0,72
9712,68.0,59
9713,71.0,1
9715,71.0,20
9716,71.0,129
9717,65.0,136
9718,36.0,303
9719,63.0,109
9720,63.0,116
9721,60.0,109
9722,41.0,142
9723,24.0,860
9724,23.0,79
9725,60.0,47
9728,41.0,4
9730,33.0,9
9731,22.0,5
9735,47.0,117
9738,64.0,27
9741,7.0,4
9742,25.0,56
9743,26.0,31
9744,30.0,54
9745,26.0,57
9746,38.0,24
9747,28.0,250
9748,33.0,26
9749,33.0,28
9750,27.0,88
9751,31.0,35
9752,33.0,33
9753,37.0,15
9754,42.0,43
9755,56.0,273
9756,63.0,427
9757,73.0,151
9758,61.0,107
9759,39.0,157
9761,68.0,39
9762,38.0,124
9763,40.0,90
9764,38.0,78
9765,30.0,11
9766,25.0,72
9767,26.0,139
9768,21.0,126
9769,24.0,259
9770,28.0,42
9771,23.0,12
9772,47.0,223
9773,27.0,63
9775,81.0,22
9776,62.0,104
9777,40.0,415
9778,31.0,18
9779,46.0,32
9804,36.0,27
9805,36.0,161
9806,92.0,719
9807,102.0,195
9808,37.0,6
9814,7.0,1
9818,43.0,118
9819,34.0,11
9820,28.0,38
9821,18.0,102
9822,25.0,409
9823,29.0,65
9824,42.0,164
9825,37.0,214
9828,25.0,3
9830,27.0,2
9834,59.0,27
9835,46.0,150
9837,7.0,4
9838,65.0,17
9842,34.0,15
9843,26.0,4
9844,53.0,27
9845,20.0,24
9846,30.0,20
9847,43.0,89
9848,33.0,30
9849,23.0,37
9850,24.0,62
9851,22.0,74
9852,23.0,69
9853,24.0,53
9854,34.0,175
9855,21.0,6
9856,65.0,400
9858,83.0,60
9859,58.0,368
9860,85.0,134
9861,63.0,1
9864,54.0,46
9865,42.0,113
9866,26.0,182
9867,27.0,159
9868,18.0,224
9869,22.0,167
9870,27.0,168
9871,34.0,112
9872,28.0,377
9873,44.0,36
9874,83.0,154
9875,76.0,37
9878,26.0,5
9879,38.0,14
9901,49.0,49
9902,41.0,6
9903,30.0,4
9904,72.0,287
9905,97.0,611
9906,31.0,250
9907,35.0,43
9908,34.0,35
9909,25.0,3
9916,41.0,1
9918,36.0,174
9919,33.0,38
9920,27.0,50
9921,24.0,150
9922,28.0,179
9923,23.0,117
9924,34.0,21
9925,35.0,251
9926,55.0,86
9930,24.0,3
9934,63.0,57
9935,39.0,103
9936,44.0,18
9937,42.0,40
9938,41.0,31
9940,10.0,3
9942,38.0,13
9944,29.0,82
9945,43.0,55
9946,34.0,183
9947,25.0,23
9948,32.0,64
9949,26.0,41
9950,24.0,74
9951,19.0,51
9952,27.0,44
9953,42.0,1
9954,42.0,86
9955,57.0,171
9956,59.0,363
9957,24.0,34
9958,17.0,43
9959,35.0,27
9960,35.0,310
9961,74.0,211
9962,84.0,119
9965,24.0,32
9966,28.0,40
9967,24.0,219
9968,24.0,237
9969,33.0,129
9970,26.0,70
9971,34.0,12
9972,53.0,106
9973,77.0,68
9974,24.0,2
