id,speed,cars
2,34.0,1
5,61.0,26
13,38.0,28
14,57.0,52
15,59.0,51
16,73.0,38
17,71.0,31
18,63.0,39
19,46.0,91
20,26.0,34
27,73.0,1
33,38.0,5
34,58.0,38
35,110.0,152
40,47.0,204
46,33.0,37
47,32.0,64
48,32.0,78
49,28.0,210
50,13.0,12
51,33.0,72
63,38.0,384
64,32.0,184
65,12.0,1
70,24.0,20
71,18.0,51
72,22.0,30
73,30.0,25
74,58.0,154
75,51.0,13
81,38.0,11
87,64.0,2
88,53.0,2
96,75.0,43
97,86.0,236
98,36.0,148
99,51.0,131
100,49.0,79
105,65.0,2
106,72.0,15
112,25.0,1
114,29.0,5
115,47.0,5
119,16.0,26
120,15.0,1
130,57.0,2
131,38.0,1
132,12.0,8
133,37.0,49
134,33.0,7
135,111.0,121
136,109.0,51
140,50.0,139
141,48.0,73
147,30.0,8
148,11.0,3
149,37.0,219
150,6.0,4
151,29.0,99
152,40.0,77
162,68.0,144
163,57.0,5
164,38.0,152
165,47.0,73
167,60.0,1
170,24.0,33
171,25.0,28
172,21.0,53
173,26.0,151
174,55.0,146
180,49.0,13
181,46.0,1
188,42.0,6
195,74.0,5
196,92.0,289
197,53.0,16
200,45.0,154
206,77.0,15
213,9.0,14
214,30.0,4
215,59.0,5
225,23.0,1
233,45.0,58
234,22.0,8
236,114.0,215
241,40.0,266
247,7.0,14
248,21.0,36
249,36.0,171
250,28.0,79
251,17.0,51
252,43.0,80
261,69.0,116
262,68.0,17
264,3.0,5
265,45.0,110
266,49.0,74
267,23.0,8
268,23.0,1
269,26.0,3
270,44.0,37
271,7.0,8
272,23.0,4
273,49.0,76
274,58.0,187
275,43.0,110
276,54.0,78
277,62.0,51
278,53.0,30
279,26.0,9
280,36.0,22
295,98.0,281
296,81.0,19
300,34.0,7
306,79.0,20
313,38.0,1
314,30.0,16
321,38.0,1
322,5.0,1
325,46.0,1
333,34.0,58
336,107.0,53
337,109.0,143
338,34.0,1
340,46.0,48
341,32.0,514
348,45.0,121
349,46.0,53
350,36.0,13
351,47.0,84
352,42.0,127
353,63.0,1
358,18.0,1
359,18.0,6
360,56.0,98
361,64.0,34
365,16.0,10
366,55.0,130
367,39.0,36
368,48.0,39
369,44.0,31
370,45.0,79
371,63.0,16
372,54.0,10
373,65.0,159
374,47.0,2
377,20.0,6
378,60.0,28
379,58.0,69
380,33.0,3
389,36.0,3
390,65.0,1
394,98.0,188
395,94.0,67
399,37.0,6
400,41.0,1
406,78.0,14
413,63.0,7
414,57.0,7
432,19.0,4
433,39.0,91
434,51.0,72
435,45.0,42
436,30.0,20
437,106.0,164
438,83.0,110
439,50.0,98
440,33.0,50
441,29.0,50
442,38.0,281
447,56.0,38
448,38.0,186
449,22.0,133
450,44.0,23
451,42.0,15
452,54.0,2
453,44.0,109
459,35.0,17
460,37.0,191
464,15.0,1
465,39.0,8
466,53.0,109
467,42.0,1
469,50.0,30
471,64.0,32
472,63.0,36
473,68.0,128
479,52.0,56
480,64.0,39
490,61.0,3
491,61.0,5
493,96.0,126
494,90.0,120
498,66.0,4
499,55.0,4
505,73.0,2
506,75.0,20
513,72.0,7
532,45.0,34
533,35.0,40
534,18.0,7
535,33.0,93
536,51.0,78
537,52.0,87
538,93.0,273
539,43.0,3
540,49.0,1
542,40.0,309
543,24.0,27
544,13.0,1
546,5.0,1
547,53.0,151
549,40.0,17
550,54.0,12
552,39.0,82
553,32.0,136
554,69.0,32
555,65.0,25
556,68.0,28
557,71.0,24
558,65.0,25
559,57.0,31
560,35.0,165
563,31.0,9
564,38.0,2
565,21.0,4
566,59.0,44
567,51.0,69
568,41.0,25
569,34.0,39
572,71.0,2
573,70.0,117
580,65.0,77
581,56.0,11
592,100.0,83
593,101.0,151
597,25.0,9
598,29.0,1
606,75.0,15
613,59.0,13
631,71.0,7
632,57.0,36
637,18.0,1
638,109.0,59
639,113.0,137
640,46.0,1
642,41.0,211
643,39.0,151
644,14.0,4
646,54.0,142
647,50.0,11
652,37.0,133
657,25.0,6
658,27.0,55
659,29.0,48
660,38.0,143
661,13.0,4
662,21.0,19
663,31.0,5
664,52.0,6
665,33.0,14
666,33.0,27
667,35.0,219
668,34.0,224
669,52.0,85
670,61.0,83
671,68.0,74
672,66.0,127
673,65.0,4
681,62.0,43
682,66.0,33
691,97.0,38
692,98.0,227
693,24.0,14
694,67.0,2
695,62.0,2
696,50.0,7
697,40.0,2
705,54.0,1
706,73.0,19
712,62.0,11
715,38.0,1
731,66.0,46
739,109.0,159
740,112.0,47
741,36.0,1
743,41.0,322
744,34.0,92
745,47.0,40
746,34.0,281
748,10.0,11
749,7.0,2
751,10.0,11
752,12.0,251
753,21.0,387
754,7.0,2
755,23.0,11
756,24.0,10
757,24.0,66
758,28.0,43
759,26.0,92
760,24.0,120
761,10.0,4
765,17.0,2
766,29.0,7
767,44.0,64
768,24.0,48
770,7.0,1
772,64.0,188
773,46.0,63
782,61.0,45
783,64.0,33
790,94.0,1
791,99.0,257
792,79.0,1
800,64.0,111
806,71.0,14
811,60.0,4
812,52.0,6
816,26.0,2
817,6.0,2
830,72.0,24
831,33.0,11
840,110.0,191
843,40.0,256
844,33.0,31
845,28.0,74
846,31.0,144
847,28.0,155
848,30.0,13
849,55.0,1
850,15.0,6
851,27.0,55
852,24.0,133
853,25.0,372
854,24.0,23
855,25.0,8
856,34.0,45
857,24.0,57
858,14.0,18
859,34.0,218
860,33.0,5
861,23.0,4
864,24.0,13
865,18.0,11
866,22.0,67
867,21.0,238
868,17.0,75
872,62.0,159
883,63.0,82
890,94.0,265
891,95.0,23
899,67.0,61
900,66.0,60
901,68.0,11
906,53.0,32
911,61.0,17
917,8.0,5
929,59.0,6
930,70.0,24
931,40.0,3
933,6.0,2
934,7.0,1
940,111.0,100
941,102.0,66
943,45.0,11
944,37.0,296
945,21.0,385
946,22.0,56
947,26.0,124
948,32.0,136
949,37.0,71
950,41.0,54
951,40.0,23
952,29.0,79
953,30.0,341
954,41.0,20
955,24.0,88
956,28.0,28
957,32.0,10
958,40.0,180
959,49.0,10
960,35.0,31
961,15.0,1
965,1.0,3
966,20.0,65
967,21.0,232
968,17.0,61
969,16.0,66
970,24.0,11
971,10.0,4
972,65.0,179
983,58.0,75
989,87.0,236
990,86.0,97
994,18.0,1
998,35.0,95
999,54.0,101
1002,71.0,2
1003,65.0,7
1004,56.0,12
1005,30.0,14
1006,37.0,36
1007,2.0,1
1010,59.0,11
1017,7.0,5
1029,63.0,39
1030,28.0,5
1031,21.0,2
1033,26.0,4
1034,19.0,2
1040,31.0,1
1041,108.0,177
1044,35.0,460
1045,32.0,289
1046,28.0,216
1047,35.0,118
1048,23.0,292
1049,19.0,41
1050,13.0,19
1051,26.0,13
1052,21.0,42
1053,29.0,342
1054,34.0,29
1055,27.0,76
1056,23.0,81
1057,50.0,122
1058,52.0,51
1061,41.0,20
1066,26.0,67
1067,25.0,149
1068,27.0,146
1069,29.0,49
1070,34.0,29
1071,32.0,6
1072,69.0,158
1083,54.0,24
1084,46.0,57
1087,80.0,111
1088,81.0,198
1089,79.0,146
1097,46.0,16
1098,37.0,279
1099,21.0,84
1105,44.0,8
1106,43.0,49
1107,37.0,9
1110,47.0,12
1116,8.0,2
1117,5.0,1
1128,57.0,17
1129,46.0,40
1130,31.0,4
1131,39.0,1
1132,35.0,5
1133,58.0,1
1137,39.0,1
1141,97.0,219
1142,55.0,51
1143,49.0,59
1144,36.0,226
1145,44.0,156
1147,9.0,1
1148,20.0,571
1149,25.0,373
1150,27.0,189
1151,29.0,250
1152,30.0,188
1153,29.0,457
1154,40.0,34
1155,20.0,44
1156,30.0,217
1157,29.0,83
1160,52.0,14
1161,58.0,8
1166,27.0,44
1167,39.0,3
1168,40.0,141
1169,17.0,25
1170,70.0,42
1171,75.0,160
1172,74.0,35
1184,51.0,103
1185,53.0,75
1186,75.0,143
1187,76.0,75
1188,85.0,101
1189,44.0,7
1197,30.0,397
1198,22.0,51
1199,33.0,37
1200,29.0,15
1205,50.0,2
1206,61.0,24
1207,32.0,9
1210,55.0,14
1215,15.0,1
1216,18.0,1
1228,69.0,26
1235,20.0,1
1239,23.0,1
1241,76.0,58
1242,101.0,190
1245,54.0,265
1246,28.0,1
1247,19.0,23
1248,19.0,369
1249,22.0,342
1250,28.0,361
1251,35.0,158
1252,48.0,100
1253,30.0,411
1254,31.0,82
1255,35.0,266
1256,19.0,71
1259,35.0,13
1260,40.0,44
1265,56.0,31
1266,47.0,46
1267,44.0,57
1268,39.0,212
1269,76.0,138
1270,81.0,116
1276,85.0,5
1277,79.0,292
1278,78.0,357
1279,77.0,403
1280,73.0,373
1281,72.0,405
1282,68.0,414
1283,68.0,431
1284,60.0,535
1285,46.0,760
1286,60.0,270
1287,83.0,162
1288,37.0,39
1289,58.0,73
1290,66.0,71
1291,62.0,56
1293,68.0,1
1296,58.0,160
1297,27.0,35
1298,28.0,202
1299,43.0,24
1304,31.0,1
1306,56.0,30
1307,22.0,12
1309,70.0,9
1310,50.0,4
1315,18.0,2
1327,69.0,30
1328,66.0,4
1335,29.0,1
1336,13.0,1
1341,71.0,33
1342,90.0,227
1345,47.0,331
1346,27.0,124
1347,24.0,353
1348,19.0,626
1349,20.0,158
1350,20.0,85
1351,26.0,119
1352,35.0,2
1353,92.0,105
1354,42.0,635
1355,36.0,82
1356,32.0,45
1357,47.0,37
1358,52.0,49
1359,43.0,56
1360,54.0,24
1361,60.0,57
1362,61.0,55
1363,60.0,18
1364,48.0,21
1365,52.0,53
1368,57.0,398
1369,40.0,163
1373,85.0,11
1374,79.0,339
1375,79.0,355
1376,83.0,378
1377,83.0,64
1381,5.0,2
1382,19.0,8
1383,29.0,10
1384,40.0,45
1385,39.0,133
1386,64.0,625
1387,60.0,59
1388,45.0,77
1389,39.0,41
1390,24.0,7
1391,61.0,34
1392,41.0,122
1395,69.0,82
1396,68.0,40
1397,37.0,28
1398,34.0,37
1399,46.0,84
1403,2.0,1
1404,35.0,6
1406,56.0,31
1408,58.0,2
1409,63.0,16
1411,39.0,1
1413,46.0,1
1414,28.0,3
1427,69.0,26
1431,44.0,1
1435,27.0,4
1441,69.0,43
1442,72.0,95
1443,58.0,222
1445,42.0,13
1446,27.0,705
1447,24.0,258
1448,26.0,97
1449,25.0,369
1450,33.0,148
1451,88.0,380
1452,85.0,432
1453,84.0,271
1454,68.0,597
1455,55.0,1117
1456,77.0,543
1457,53.0,75
1463,61.0,22
1464,41.0,75
1467,66.0,4
1468,57.0,289
1470,81.0,1
1471,82.0,314
1472,84.0,382
1473,81.0,346
1474,77.0,22
1482,14.0,2
1483,35.0,108
1484,33.0,244
1485,63.0,610
1486,54.0,152
1487,38.0,46
1488,42.0,12
1492,52.0,52
1493,60.0,82
1494,67.0,62
1495,58.0,60
1496,20.0,18
1497,25.0,82
1499,46.0,58
1500,13.0,4
1506,55.0,34
1507,73.0,3
1508,61.0,10
1512,26.0,1
1526,66.0,19
1527,74.0,22
1530,2.0,1
1531,52.0,1
1532,38.0,2
1533,29.0,1
1534,44.0,2
1537,31.0,1
1541,67.0,31
1542,4.0,2
1543,34.0,651
1546,34.0,616
1547,25.0,5
1548,83.0,37
1549,75.0,554
1550,87.0,390
1551,88.0,5
1552,15.0,4
1553,30.0,239
1554,37.0,948
1555,22.0,207
1556,52.0,284
1557,71.0,679
1558,84.0,373
1559,86.0,171
1567,50.0,431
1568,72.0,411
1569,81.0,386
1570,80.0,375
1571,88.0,46
1580,47.0,1
1581,50.0,2
1582,16.0,5
1583,39.0,201
1584,64.0,460
1585,62.0,150
1586,35.0,21
1587,44.0,33
1591,24.0,24
1592,18.0,33
1593,51.0,195
1594,64.0,91
1595,7.0,8
1596,23.0,117
1597,25.0,60
1598,23.0,4
1599,29.0,98
1600,7.0,3
1606,49.0,11
1607,66.0,28
1608,63.0,19
1626,76.0,28
1627,40.0,3
1628,16.0,11
1630,29.0,3
1635,54.0,2
1641,72.0,35
1643,62.0,294
1646,62.0,172
1647,54.0,1327
1648,81.0,448
1649,50.0,119
1650,54.0,10
1651,46.0,158
1652,34.0,302
1653,31.0,98
1654,50.0,363
1655,19.0,409
1656,19.0,292
1657,70.0,2
1659,89.0,257
1660,82.0,420
1661,85.0,388
1662,83.0,406
1663,83.0,401
1664,82.0,430
1665,78.0,438
1666,74.0,420
1667,56.0,923
1668,33.0,108
1669,26.0,1
1678,45.0,4
1679,41.0,10
1680,35.0,10
1681,35.0,13
1682,25.0,90
1683,35.0,441
1684,71.0,506
1686,26.0,56
1692,24.0,232
1693,46.0,242
1694,31.0,59
1695,30.0,137
1696,34.0,80
1697,18.0,19
1698,48.0,42
1699,45.0,44
1706,68.0,4
1707,71.0,4
1708,71.0,22
1709,73.0,8
1725,61.0,26
1726,65.0,17
1727,34.0,1
1728,20.0,1
1734,70.0,3
1741,72.0,28
1743,68.0,154
1744,60.0,312
1745,66.0,640
1746,74.0,574
1747,47.0,447
1748,45.0,85
1749,34.0,439
1750,53.0,170
1751,39.0,85
1752,26.0,162
1753,19.0,83
1754,44.0,405
1755,43.0,73
1756,36.0,122
1767,32.0,575
1768,21.0,68
1769,17.0,29
1777,2.0,1
1778,23.0,28
1779,31.0,19
1780,29.0,15
1781,44.0,1
1782,35.0,45
1783,67.0,324
1784,53.0,381
1785,27.0,194
1786,29.0,24
1791,21.0,101
1792,21.0,487
1793,18.0,97
1794,23.0,97
1795,23.0,70
1796,49.0,41
1797,41.0,70
1798,52.0,15
1807,68.0,7
1809,80.0,24
1825,73.0,29
1834,66.0,1
1841,73.0,34
1842,72.0,49
1843,62.0,720
1844,68.0,923
1845,59.0,90
1846,47.0,167
1847,26.0,789
1848,28.0,276
1849,31.0,106
1850,29.0,192
1852,34.0,97
1853,20.0,61
1854,41.0,460
1855,27.0,65
1866,15.0,7
1867,25.0,709
1868,17.0,50
1869,12.0,9
1877,22.0,17
1878,18.0,40
1879,37.0,22
1880,27.0,41
1881,41.0,29
1882,49.0,25
1883,77.0,453
1884,37.0,86
1885,27.0,33
1890,11.0,27
1891,21.0,528
1892,17.0,185
1893,20.0,222
1894,36.0,36
1895,47.0,29
1896,40.0,60
1907,68.0,8
1909,75.0,23
1924,77.0,33
1934,76.0,1
1939,67.0,15
1940,83.0,516
1941,77.0,591
1942,72.0,514
1943,63.0,40
1944,79.0,400
1945,50.0,202
1946,37.0,73
1947,27.0,53
1948,46.0,115
1949,19.0,37
1950,26.0,80
1951,10.0,10
1952,29.0,4
1953,36.0,96
1954,46.0,399
1955,52.0,62
1965,14.0,21
1966,15.0,7
1967,35.0,406
1968,11.0,13
1976,17.0,4
1977,32.0,21
1978,39.0,46
1979,29.0,5
1980,27.0,8
1981,32.0,77
1982,44.0,28
1983,79.0,424
1984,33.0,194
1985,25.0,34
1986,7.0,2
1990,34.0,277
1991,18.0,304
1992,20.0,132
1993,24.0,101
1994,30.0,129
1995,53.0,44
2007,71.0,8
2008,32.0,2
2009,76.0,29
2023,70.0,17
2024,74.0,24
2037,24.0,15
2038,81.0,474
2039,80.0,504
2040,47.0,75
2041,52.0,50
2042,23.0,1
2044,85.0,147
2045,53.0,524
2046,24.0,52
2047,22.0,86
2048,34.0,195
2049,17.0,36
2050,19.0,86
2051,7.0,1
2052,21.0,1
2053,5.0,2
2054,40.0,116
2055,54.0,274
2065,24.0,28
2066,34.0,161
2067,36.0,209
2073,39.0,1
2074,18.0,6
2078,42.0,9
2079,36.0,25
2080,41.0,4
2081,33.0,34
2082,44.0,15
2083,82.0,189
2084,85.0,225
2085,43.0,73
2086,15.0,12
2088,40.0,3
2089,30.0,128
2090,26.0,316
2091,20.0,190
2092,22.0,46
2093,45.0,26
2094,31.0,70
2095,37.0,50
2096,36.0,47
2097,33.0,39
2098,55.0,16
2107,59.0,11
2108,28.0,1
2109,80.0,14
2110,72.0,23
2111,79.0,2
2122,68.0,1
2123,67.0,30
2134,62.0,3
2136,84.0,20
2137,81.0,686
2138,76.0,149
2139,25.0,71
2140,33.0,297
2141,28.0,74
2142,39.0,1
2143,26.0,5
2144,26.0,123
2145,66.0,719
2146,30.0,572
2147,15.0,201
2148,51.0,84
2149,53.0,79
2150,44.0,6
2154,16.0,9
2155,32.0,638
2156,33.0,2
2157,17.0,2
2164,25.0,1
2165,13.0,15
2166,38.0,300
2173,41.0,4
2174,30.0,2
2178,46.0,22
2179,40.0,14
2180,31.0,51
2181,28.0,24
2182,24.0,3
2183,28.0,30
2184,85.0,413
2185,37.0,72
2186,13.0,6
2187,20.0,11
2188,27.0,64
2189,25.0,458
2190,22.0,89
2191,32.0,79
2192,28.0,38
2193,34.0,36
2194,17.0,6
2195,29.0,9
2196,28.0,38
2198,61.0,10
2199,43.0,19
2200,39.0,21
2201,70.0,112
2202,68.0,12
2207,42.0,8
2208,22.0,29
2209,26.0,12
2210,12.0,1
2211,63.0,21
2212,65.0,34
2222,67.0,32
2233,44.0,1
2235,79.0,147
2236,85.0,540
2237,72.0,15
2239,45.0,102
2240,32.0,86
2241,28.0,199
2242,39.0,171
2243,35.0,204
2244,29.0,313
2245,82.0,385
2246,37.0,627
2247,11.0,234
2248,29.0,50
2249,47.0,162
2253,17.0,37
2254,26.0,127
2255,47.0,357
2257,49.0,1
2264,44.0,1
2266,35.0,409
2267,52.0,29
2273,40.0,8
2274,27.0,3
2278,46.0,24
2279,35.0,61
2280,49.0,3
2283,2.0,1
2284,81.0,455
2285,33.0,14
2286,16.0,135
2287,10.0,53
2288,39.0,249
2289,17.0,23
2290,31.0,111
2291,33.0,54
2292,47.0,27
2293,25.0,1
2294,25.0,21
2295,34.0,53
2296,12.0,1
2299,48.0,11
2300,43.0,32
2301,67.0,5
2302,71.0,94
2303,68.0,91
2304,54.0,153
2305,59.0,149
2306,51.0,35
2307,23.0,84
2308,25.0,71
2309,30.0,15
2310,23.0,21
2311,35.0,8
2312,41.0,41
2322,70.0,30
2330,28.0,15
2334,84.0,292
2335,87.0,455
2336,55.0,12
2337,75.0,3
2338,45.0,4
2339,45.0,137
2340,24.0,19
2341,22.0,39
2342,31.0,67
2343,38.0,5
2344,38.0,1
2345,54.0,199
2346,72.0,600
2347,26.0,349
2348,21.0,77
2349,51.0,136
2350,63.0,14
2353,31.0,70
2354,14.0,30
2355,53.0,339
2359,34.0,2
2364,21.0,3
2365,58.0,1
2366,40.0,323
2367,61.0,38
2368,62.0,52
2369,61.0,40
2372,40.0,32
2373,39.0,77
2374,50.0,57
2375,53.0,66
2376,48.0,2
2377,52.0,61
2378,33.0,126
2383,7.0,2
2384,77.0,508
2385,26.0,138
2386,21.0,22
2387,35.0,232
2388,35.0,91
2391,23.0,60
2392,37.0,117
2393,30.0,14
2394,24.0,38
2401,76.0,1
2405,65.0,44
2406,65.0,104
2407,16.0,13
2409,43.0,18
2410,42.0,35
2411,28.0,29
2412,26.0,110
2413,38.0,11
2415,5.0,1
2421,68.0,20
2422,70.0,5
2428,52.0,18
2429,49.0,50
2430,45.0,45
2433,84.0,468
2434,84.0,305
2435,57.0,1
2436,33.0,71
2437,32.0,218
2438,38.0,53
2439,30.0,284
2440,27.0,68
2441,24.0,17
2442,28.0,62
2443,47.0,8
2446,89.0,417
2447,18.0,56
2448,24.0,24
2449,44.0,7
2450,63.0,108
2453,38.0,25
2454,40.0,29
2455,43.0,407
2456,13.0,32
2457,12.0,1
2461,34.0,1
2466,41.0,272
2467,1.0,22
2469,60.0,15
2470,58.0,74
2471,48.0,62
2472,58.0,40
2476,46.0,111
2477,47.0,40
2478,54.0,72
2479,66.0,7
2483,89.0,221
2484,67.0,338
2485,29.0,35
2486,24.0,236
2487,40.0,185
2488,12.0,6
2489,11.0,15
2490,2.0,1
2492,35.0,49
2493,25.0,153
2506,45.0,74
2507,49.0,221
2508,65.0,85
2511,26.0,18
2512,43.0,103
2513,46.0,93
2514,37.0,12
2515,22.0,9
2521,76.0,25
2522,79.0,1
2526,28.0,2
2527,41.0,6
2528,36.0,29
2529,26.0,1
2530,59.0,33
2531,85.0,170
2532,84.0,567
2533,84.0,170
2534,52.0,7
2535,34.0,23
2536,32.0,76
2537,35.0,18
2538,17.0,18
2539,36.0,139
2540,24.0,12
2541,30.0,91
2542,38.0,42
2543,41.0,1
2544,31.0,13
2546,96.0,101
2547,95.0,280
2548,38.0,4
2549,123.0,1
2550,62.0,115
2553,25.0,3
2554,31.0,99
2555,27.0,624
2556,17.0,34
2566,38.0,276
2571,31.0,72
2572,58.0,29
2577,51.0,20
2578,42.0,17
2579,58.0,75
2581,54.0,1
2582,95.0,155
2583,87.0,198
2584,66.0,178
2585,26.0,158
2586,28.0,536
2587,27.0,263
2588,24.0,59
2589,17.0,75
2590,10.0,8
2591,39.0,80
2592,37.0,109
2605,27.0,21
2606,36.0,92
2608,52.0,106
2609,49.0,204
2610,61.0,57
2611,41.0,17
2612,41.0,4
2613,30.0,4
2614,46.0,97
2615,45.0,92
2616,42.0,24
2621,61.0,38
2623,50.0,3
2625,7.0,1
2626,43.0,13
2627,13.0,8
2628,47.0,49
2629,79.0,422
2630,84.0,536
2631,83.0,299
2632,30.0,29
2633,15.0,13
2634,35.0,10
2635,41.0,29
2636,36.0,121
2637,41.0,38
2638,35.0,8
2639,33.0,174
2640,36.0,23
2641,26.0,32
2642,17.0,2
2645,46.0,12
2646,58.0,4
2647,98.0,338
2650,60.0,44
2651,46.0,99
2652,24.0,4
2653,21.0,9
2654,23.0,168
2655,43.0,383
2656,14.0,6
2657,41.0,1
2658,13.0,3
2662,54.0,1
2665,33.0,258
2666,37.0,57
2667,23.0,1
2672,53.0,10
2673,48.0,70
2674,29.0,30
2677,53.0,37
2679,51.0,7
2680,40.0,109
2681,88.0,117
2682,91.0,233
2683,32.0,81
2684,54.0,389
2685,34.0,413
2686,25.0,123
2687,8.0,9
2688,23.0,213
2689,26.0,77
2690,31.0,143
2691,32.0,64
2700,36.0,3
2704,47.0,26
2705,45.0,69
2708,64.0,6
2710,70.0,119
2711,50.0,189
2712,39.0,57
2713,37.0,23
2714,42.0,2
2715,17.0,4
2716,49.0,86
2717,40.0,98
2718,31.0,58
2721,46.0,54
2722,29.0,5
2723,26.0,16
2724,30.0,11
2725,7.0,2
2726,71.0,246
2727,79.0,546
2728,81.0,544
2729,86.0,96
2730,57.0,15
2731,38.0,50
2732,10.0,1
2733,47.0,14
2734,25.0,8
2735,37.0,113
2736,21.0,53
2737,27.0,30
2738,35.0,154
2739,33.0,30
2740,12.0,13
2742,23.0,1
2746,61.0,2
2747,99.0,271
2748,100.0,106
2749,57.0,2
2750,50.0,6
2751,37.0,189
2752,16.0,29
2753,27.0,166
2754,24.0,104
2755,32.0,602
2756,54.0,38
2757,45.0,59
2758,44.0,50
2759,51.0,9
2761,41.0,1
2765,31.0,362
2766,10.0,21
2767,24.0,5
2772,58.0,9
2773,47.0,15
2774,40.0,58
2775,42.0,18
2777,33.0,48
2780,84.0,131
2781,81.0,334
2782,61.0,36
2783,68.0,339
2784,40.0,282
2785,23.0,165
2786,28.0,27
2787,27.0,24
2788,29.0,58
2789,27.0,236
2790,34.0,135
2800,63.0,1
2801,13.0,11
2803,43.0,35
2804,45.0,49
2807,50.0,1
2808,53.0,2
2812,53.0,149
2813,70.0,134
2814,29.0,62
2815,30.0,39
2817,8.0,5
2818,27.0,137
2819,25.0,173
2820,25.0,336
2821,25.0,101
2822,18.0,30
2823,38.0,14
2824,40.0,13
2825,75.0,575
2826,77.0,409
2829,21.0,4
2830,45.0,2
2831,34.0,73
2832,41.0,23
2833,25.0,42
2834,11.0,25
2835,45.0,98
2836,32.0,19
2837,29.0,81
2838,27.0,171
2839,18.0,34
2840,19.0,17
2848,99.0,399
2849,57.0,1
2851,42.0,175
2852,32.0,158
2853,34.0,83
2854,19.0,17
2855,51.0,298
2856,18.0,42
2857,27.0,12
2859,53.0,49
2860,53.0,27
2862,12.0,1
2865,41.0,282
2871,52.0,16
2872,60.0,6
2875,35.0,86
2876,28.0,30
2877,17.0,93
2879,87.0,124
2880,94.0,241
2881,63.0,4
2882,65.0,420
2883,26.0,121
2884,21.0,194
2885,20.0,213
2886,23.0,121
2887,22.0,137
2889,39.0,2
2890,31.0,323
2891,35.0,23
2900,17.0,10
2901,33.0,8
2902,31.0,102
2903,44.0,37
2907,48.0,5
2913,67.0,2
2914,56.0,179
2915,38.0,276
2916,39.0,69
2917,45.0,42
2918,33.0,9
2919,27.0,42
2920,19.0,294
2921,29.0,232
2922,26.0,64
2923,29.0,35
2924,65.0,711
2925,78.0,122
2929,30.0,4
2931,39.0,53
2932,31.0,35
2933,30.0,141
2934,43.0,115
2935,26.0,309
2936,27.0,41
2937,26.0,262
2938,30.0,55
2939,21.0,132
2940,25.0,1
2944,2.0,2
2948,89.0,184
2949,91.0,243
2950,29.0,6
2951,55.0,2
2952,46.0,187
2955,31.0,519
2956,18.0,129
2957,21.0,2
2960,58.0,38
2961,37.0,85
2962,39.0,85
2963,45.0,46
2964,40.0,67
2965,41.0,352
2970,64.0,6
2971,62.0,15
2976,30.0,122
2979,90.0,317
2981,69.0,321
2982,31.0,167
2983,26.0,175
2984,24.0,91
2985,22.0,8
2986,13.0,68
2987,33.0,64
2988,29.0,83
2989,55.0,80
2990,30.0,36
2991,38.0,150
3000,20.0,11
3001,58.0,56
3002,36.0,39
3007,79.0,1
3014,62.0,9
3015,41.0,101
3016,54.0,223
3017,44.0,174
3018,33.0,76
3019,25.0,217
3020,32.0,73
3021,42.0,12
3022,45.0,133
3023,54.0,343
3024,67.0,635
3029,33.0,5
3030,24.0,4
3031,39.0,34
3032,22.0,41
3033,17.0,31
3034,30.0,106
3035,27.0,31
3036,22.0,280
3037,21.0,457
3038,26.0,39
3039,30.0,93
3040,8.0,9
3042,12.0,1
3043,31.0,6
3044,27.0,4
3049,95.0,362
3050,84.0,52
3052,51.0,198
3055,53.0,152
3056,33.0,264
3063,62.0,44
3064,29.0,504
3065,31.0,154
3070,63.0,16
3075,62.0,11
3076,39.0,76
3078,97.0,26
3079,84.0,232
3080,68.0,133
3081,38.0,333
3082,27.0,217
3083,24.0,157
3084,20.0,104
3085,23.0,58
3086,31.0,26
3087,20.0,90
3088,31.0,190
3089,26.0,17
3090,35.0,43
3091,31.0,261
3094,34.0,18
3099,12.0,6
3100,24.0,9
3101,40.0,5
3106,63.0,2
3107,68.0,2
3113,56.0,9
3114,41.0,19
3115,17.0,16
3116,17.0,38
3117,23.0,238
3118,34.0,455
3119,38.0,315
3120,26.0,53
3121,51.0,14
3122,21.0,4
3123,64.0,802
3124,49.0,120
3130,27.0,3
3131,34.0,23
3132,36.0,91
3133,34.0,78
3134,26.0,210
3135,36.0,55
3136,26.0,168
3137,39.0,126
3138,34.0,127
3139,32.0,136
3140,9.0,6
3142,55.0,1
3143,33.0,1
3148,13.0,4
3149,28.0,21
3150,97.0,381
3152,36.0,83
3153,47.0,168
3154,4.0,1
3155,19.0,9
3156,34.0,564
3157,5.0,19
3162,74.0,20
3163,69.0,92
3164,17.0,60
3165,51.0,119
3169,57.0,14
3170,53.0,5
3174,63.0,18
3175,62.0,29
3176,63.0,33
3177,47.0,1
3178,84.0,240
3179,55.0,116
3180,62.0,416
3181,30.0,394
3182,26.0,256
3183,47.0,43
3184,23.0,93
3185,16.0,93
3186,30.0,108
3187,28.0,170
3188,49.0,145
3189,58.0,366
3190,49.0,303
3191,39.0,654
3192,49.0,523
3193,38.0,726
3194,45.0,278
3195,28.0,67
3196,40.0,36
3197,41.0,29
3198,28.0,26
3199,17.0,53
3200,49.0,76
3205,62.0,2
3206,76.0,1
3212,33.0,9
3213,37.0,13
3214,38.0,14
3215,22.0,5
3216,20.0,21
3217,18.0,43
3218,31.0,162
3219,34.0,312
3220,35.0,467
3221,28.0,188
3222,38.0,66
3223,71.0,634
3224,43.0,36
3225,60.0,94
3226,64.0,87
3227,65.0,35
3229,23.0,16
3230,21.0,31
3231,20.0,37
3232,38.0,76
3233,10.0,30
3234,24.0,121
3235,26.0,58
3236,19.0,147
3237,24.0,14
3238,29.0,339
3239,40.0,94
3242,43.0,3
3243,45.0,2
3248,16.0,66
3249,29.0,30
3250,93.0,390
3251,44.0,56
3252,32.0,38
3253,32.0,326
3254,24.0,68
3255,19.0,57
3256,42.0,405
3257,11.0,12
3260,22.0,2
3262,74.0,91
3263,25.0,56
3264,27.0,326
3265,24.0,193
3266,27.0,99
3267,14.0,57
3268,16.0,5
3269,44.0,29
3270,34.0,4
3273,59.0,7
3274,59.0,28
3277,63.0,16
3278,72.0,396
3279,67.0,390
3280,44.0,118
3281,28.0,222
3282,20.0,16
3283,28.0,98
3284,24.0,171
3285,21.0,177
3286,35.0,47
3287,61.0,10
3288,56.0,393
3289,45.0,13
3290,50.0,68
3291,62.0,1
3293,28.0,195
3294,36.0,315
3295,49.0,449
3296,51.0,395
3297,53.0,412
3298,49.0,166
3299,27.0,136
3300,32.0,203
3305,53.0,3
3312,17.0,7
3313,30.0,28
3314,35.0,33
3315,27.0,23
3316,26.0,21
3317,32.0,28
3318,32.0,146
3319,30.0,54
3320,36.0,70
3321,26.0,668
3322,53.0,1076
3323,39.0,251
3324,22.0,130
3325,15.0,1
3327,58.0,60
3328,44.0,136
3329,41.0,125
3330,33.0,76
3331,20.0,219
3332,26.0,149
3333,23.0,138
3334,27.0,96
3335,30.0,48
3336,25.0,110
3337,10.0,85
3338,36.0,145
3339,44.0,127
3343,31.0,9
3347,27.0,34
3348,29.0,33
3349,50.0,6
3350,66.0,159
3351,94.0,260
3352,46.0,15
3353,29.0,377
3354,30.0,323
3355,29.0,324
3356,26.0,771
3357,32.0,40
3358,38.0,8
3360,12.0,11
3362,59.0,165
3363,31.0,75
3364,37.0,211
3365,29.0,81
3366,36.0,39
3367,30.0,18
3368,31.0,37
3370,27.0,2
3371,11.0,2
3373,52.0,42
3377,64.0,32
3378,71.0,377
3379,61.0,670
3380,31.0,257
3381,25.0,74
3382,15.0,6
3383,29.0,16
3384,24.0,130
3385,25.0,34
3386,29.0,49
3387,49.0,494
3388,41.0,10
3389,48.0,59
3391,51.0,50
3392,34.0,122
3393,25.0,291
3394,41.0,61
3395,26.0,100
3396,22.0,32
3397,42.0,15
3398,41.0,366
3399,36.0,618
3400,41.0,575
3405,53.0,3
3411,35.0,3
3412,23.0,6
3413,25.0,26
3414,46.0,24
3415,33.0,126
3416,30.0,133
3417,47.0,105
3418,33.0,19
3419,23.0,42
3420,48.0,24
3421,39.0,1
3422,69.0,664
3423,35.0,559
3424,41.0,447
3425,27.0,86
3426,33.0,26
3427,17.0,4
3429,20.0,15
3430,43.0,80
3431,23.0,361
3432,25.0,207
3433,18.0,79
3434,24.0,121
3435,23.0,163
3436,27.0,120
3437,33.0,173
3438,33.0,39
3439,45.0,179
3444,30.0,3
3445,29.0,9
3446,38.0,3
3447,31.0,73
3448,45.0,8
3449,34.0,19
3450,37.0,89
3451,90.0,406
3452,57.0,92
3453,26.0,43
3454,32.0,420
3455,23.0,161
3456,25.0,676
3457,19.0,31
3458,34.0,37
3459,30.0,22
3460,47.0,15
3461,71.0,10
3462,56.0,187
3463,12.0,25
3464,21.0,410
3465,22.0,198
3466,30.0,37
3467,49.0,12
3468,25.0,54
3471,47.0,2
3472,35.0,57
3473,43.0,6
3477,59.0,35
3478,50.0,684
3479,51.0,762
3480,62.0,453
3481,21.0,6
3482,17.0,138
3483,20.0,180
3484,21.0,73
3485,20.0,17
3486,49.0,400
3487,30.0,246
3489,53.0,49
3491,6.0,4
3492,38.0,54
3493,30.0,96
3494,13.0,1
3495,31.0,21
3496,32.0,55
3497,26.0,99
3498,22.0,124
3499,23.0,216
3500,23.0,151
3505,76.0,2
3512,15.0,1
3513,39.0,31
3514,41.0,86
3516,26.0,37
3517,29.0,68
3518,35.0,16
3519,29.0,40
3520,42.0,3
3521,75.0,23
3522,83.0,477
3523,11.0,41
3524,18.0,286
3525,32.0,621
3526,33.0,450
3527,26.0,52
3528,29.0,10
3529,35.0,17
3530,40.0,10
3531,23.0,29
3532,30.0,232
3533,17.0,37
3534,16.0,84
3535,19.0,117
3536,17.0,91
3537,31.0,140
3538,44.0,134
3539,33.0,98
3542,60.0,1
3545,42.0,2
3546,36.0,42
3547,27.0,26
3548,31.0,91
3549,36.0,67
3550,32.0,126
3551,39.0,38
3552,82.0,526
3553,43.0,76
3554,35.0,306
3555,17.0,30
3556,23.0,365
3557,30.0,460
3558,17.0,43
3559,26.0,68
3560,33.0,42
3561,50.0,217
3562,18.0,38
3563,21.0,35
3564,19.0,292
3565,29.0,250
3566,40.0,31
3567,41.0,18
3568,46.0,1
3570,57.0,6
3571,30.0,241
3572,39.0,48
3573,21.0,6
3576,61.0,532
3577,57.0,631
3578,32.0,206
3579,18.0,71
3580,69.0,391
3581,71.0,458
3582,9.0,2
3583,33.0,152
3584,31.0,128
3585,65.0,310
3586,54.0,143
3587,24.0,22
3588,51.0,49
3589,52.0,35
3592,39.0,42
3593,41.0,94
3594,8.0,11
3595,33.0,28
3597,10.0,4
3599,21.0,74
3600,25.0,132
3605,89.0,1
3613,50.0,72
3616,7.0,14
3617,17.0,34
3621,82.0,368
3622,79.0,91
3624,21.0,39
3625,24.0,79
3626,25.0,248
3627,37.0,542
3628,50.0,217
3629,11.0,9
3631,29.0,25
3632,25.0,63
3633,25.0,589
3634,16.0,88
3635,24.0,106
3636,27.0,191
3637,24.0,165
3638,45.0,193
3645,32.0,38
3646,32.0,25
3647,29.0,42
3648,32.0,125
3649,21.0,181
3650,24.0,76
3651,38.0,206
3652,48.0,73
3653,60.0,656
3654,30.0,168
3655,37.0,190
3656,19.0,291
3657,25.0,189
3658,19.0,981
3659,27.0,274
3660,34.0,48
3661,42.0,209
3662,32.0,55
3663,21.0,89
3664,18.0,325
3665,30.0,186
3666,25.0,76
3667,48.0,6
3669,12.0,12
3670,34.0,228
3671,24.0,92
3672,45.0,145
3675,46.0,637
3676,34.0,284
3677,24.0,189
3678,24.0,40
3679,29.0,27
3680,27.0,33
3681,71.0,647
3682,59.0,160
3683,64.0,259
3684,50.0,439
3685,36.0,86
3686,33.0,84
3688,55.0,54
3692,31.0,54
3693,37.0,81
3694,58.0,4
3695,51.0,11
3697,58.0,13
3698,57.0,57
3699,26.0,139
3700,24.0,74
3705,68.0,2
3712,62.0,33
3713,56.0,22
3717,45.0,5
3721,85.0,469
3722,28.0,2
3725,30.0,170
3726,22.0,164
3727,47.0,14
3728,52.0,128
3729,46.0,385
3730,37.0,501
3731,49.0,14
3732,29.0,410
3733,32.0,149
3734,27.0,313
3735,32.0,248
3736,31.0,214
3737,38.0,14
3738,36.0,394
3739,24.0,66
3740,8.0,2
3741,7.0,4
3742,45.0,3
3743,26.0,2
3745,27.0,238
3746,37.0,164
3747,28.0,148
3748,21.0,330
3749,24.0,54
3750,35.0,31
3751,27.0,86
3752,28.0,384
3753,42.0,697
3754,31.0,110
3755,35.0,324
3756,18.0,363
3757,20.0,115
3758,22.0,252
3759,29.0,574
3760,45.0,205
3761,31.0,86
3762,24.0,96
3763,26.0,409
3764,26.0,334
3765,25.0,506
3766,38.0,153
3767,41.0,45
3768,29.0,136
3769,33.0,321
3770,28.0,105
3771,28.0,96
3772,35.0,69
3773,46.0,176
3774,56.0,508
3775,27.0,556
3776,27.0,40
3777,22.0,124
3778,26.0,64
3779,23.0,56
3780,60.0,16
3781,51.0,248
3782,64.0,828
3783,52.0,97
3785,34.0,56
3786,34.0,1
3788,57.0,52
3791,12.0,33
3792,31.0,39
3793,40.0,73
3794,54.0,12
3795,33.0,65
3796,46.0,47
3797,41.0,66
3799,42.0,14
3800,30.0,18
3805,76.0,1
3806,86.0,1
3812,72.0,55
3813,20.0,17
3814,29.0,2
3816,39.0,15
3821,85.0,463
3823,16.0,2
3825,44.0,67
3826,22.0,136
3827,22.0,137
3828,11.0,19
3829,16.0,29
3830,24.0,257
3831,48.0,334
3832,46.0,574
3833,34.0,79
3834,23.0,29
3835,32.0,46
3836,39.0,14
3837,36.0,127
3838,42.0,261
3839,31.0,470
3840,23.0,46
3842,14.0,3
3843,39.0,112
3844,33.0,225
3845,41.0,116
3846,21.0,218
3847,29.0,192
3848,25.0,943
3849,32.0,464
3850,36.0,423
3851,29.0,617
3852,32.0,769
3853,47.0,369
3854,38.0,967
3855,35.0,848
3856,21.0,1142
3857,24.0,836
3858,23.0,1037
3859,24.0,1381
3860,27.0,678
3861,27.0,596
3862,30.0,421
3863,18.0,682
3864,34.0,58
3865,34.0,152
3866,31.0,108
3867,25.0,369
3868,25.0,283
3869,23.0,296
3870,29.0,215
3871,24.0,193
3872,43.0,285
3873,51.0,443
3874,25.0,125
3875,42.0,168
3876,37.0,16
3877,28.0,59
3878,14.0,4
3879,33.0,7
3880,49.0,2
3881,41.0,27
3882,67.0,713
3885,20.0,94
3888,48.0,49
3891,58.0,1
3892,40.0,8
3893,34.0,162
3894,44.0,54
3895,34.0,36
3896,33.0,8
3897,27.0,6
3906,66.0,3
3911,66.0,79
3912,23.0,19
3913,47.0,10
3916,42.0,3
3917,53.0,3
3921,83.0,461
3923,12.0,3
3924,34.0,79
3925,30.0,34
3926,15.0,81
3927,22.0,140
3928,24.0,185
3929,23.0,262
3930,33.0,51
3931,30.0,415
3932,27.0,9
3933,57.0,257
3934,43.0,167
3935,23.0,105
3936,24.0,160
3938,44.0,266
3939,34.0,232
3940,24.0,346
3941,20.0,214
3942,28.0,159
3943,28.0,182
3944,30.0,116
3945,27.0,101
3946,26.0,42
3947,23.0,792
3948,21.0,169
3949,24.0,81
3950,28.0,102
3951,34.0,163
3952,29.0,99
3953,28.0,26
3954,26.0,494
3955,35.0,220
3956,20.0,267
3957,23.0,94
3958,19.0,421
3959,33.0,558
3960,31.0,62
3961,30.0,83
3962,23.0,150
3963,19.0,465
3964,30.0,235
3965,30.0,303
3966,46.0,164
3967,30.0,375
3968,23.0,448
3969,21.0,119
3970,20.0,60
3971,20.0,1354
3972,27.0,519
3973,24.0,50
3974,38.0,142
3975,53.0,31
3976,13.0,1
3977,31.0,13
3978,49.0,13
3982,72.0,676
3984,25.0,3
3985,27.0,50
3988,53.0,51
3991,32.0,3
3992,49.0,56
3993,52.0,36
3995,43.0,19
3996,52.0,5
4005,50.0,28
4006,45.0,160
4007,58.0,112
4008,64.0,72
4010,29.0,30
4011,43.0,91
4012,44.0,7
4017,35.0,18
4018,55.0,2
4021,84.0,476
4022,10.0,3
4023,32.0,22
4024,44.0,20
4025,41.0,66
4026,22.0,34
4027,23.0,47
4028,19.0,187
4029,21.0,335
4030,26.0,308
4031,35.0,146
4033,18.0,3
4034,28.0,510
4035,30.0,505
4036,34.0,31
4037,35.0,70
4038,29.0,542
4039,20.0,59
4040,32.0,135
4041,34.0,245
4042,26.0,195
4043,23.0,69
4044,15.0,13
4045,23.0,121
4046,21.0,888
4047,19.0,102
4048,19.0,292
4049,32.0,107
4050,30.0,299
4051,28.0,74
4052,19.0,226
4053,21.0,74
4054,23.0,552
4055,27.0,328
4056,19.0,228
4057,18.0,80
4058,27.0,241
4059,30.0,605
4060,23.0,282
4061,22.0,112
4062,15.0,143
4063,30.0,292
4064,36.0,67
4065,46.0,34
4066,32.0,65
4067,26.0,69
4068,21.0,336
4069,27.0,550
4070,21.0,901
4071,31.0,398
4072,16.0,112
4073,18.0,78
4074,46.0,154
4076,27.0,19
4078,40.0,21
4082,71.0,563
4083,57.0,89
4084,21.0,5
4085,29.0,46
4086,28.0,2
4087,25.0,37
4088,43.0,63
4092,55.0,77
4094,16.0,15
4095,40.0,14
4096,37.0,12
4101,59.0,120
4102,60.0,123
4103,57.0,115
4104,54.0,108
4105,50.0,103
4106,58.0,4
4107,56.0,4
4108,65.0,43
4109,58.0,112
4110,33.0,378
4111,39.0,60
4112,28.0,8
4118,47.0,4
4121,80.0,489
4122,18.0,5
4124,5.0,2
4125,44.0,64
4126,33.0,40
4127,26.0,81
4128,20.0,207
4129,17.0,134
4130,31.0,388
4131,38.0,127
4132,39.0,150
4133,30.0,153
4134,28.0,29
4135,31.0,257
4136,43.0,354
4137,32.0,561
4138,32.0,147
4139,30.0,254
4140,24.0,318
4141,37.0,48
4142,44.0,83
4143,28.0,289
4144,30.0,194
4145,37.0,268
4146,39.0,265
4147,36.0,97
4148,22.0,271
4149,30.0,118
4150,28.0,397
4151,25.0,1205
4152,29.0,760
4153,38.0,523
4154,26.0,1023
4155,21.0,1076
4156,21.0,838
4157,21.0,844
4158,25.0,941
4159,30.0,615
4160,20.0,118
4161,27.0,206
4162,20.0,405
4163,28.0,580
4164,36.0,210
4165,44.0,120
4166,38.0,146
4167,30.0,167
4168,25.0,459
4169,21.0,346
4170,23.0,158
4171,22.0,1076
4172,30.0,207
4173,30.0,239
4174,35.0,97
4175,61.0,2
4176,58.0,7
4177,28.0,55
4178,27.0,63
4179,22.0,25
4180,21.0,36
4181,51.0,4
4182,84.0,118
4183,65.0,561
4184,23.0,180
4185,20.0,184
4186,35.0,113
4187,33.0,113
4188,20.0,1
4192,38.0,126
4193,42.0,18
4194,33.0,27
4195,25.0,19
4196,13.0,14
4207,39.0,10
4208,18.0,37
4209,62.0,19
4210,38.0,25
4211,52.0,173
4212,49.0,33
4217,51.0,6
4218,62.0,1
4219,40.0,2
4221,84.0,282
4222,85.0,177
4224,49.0,14
4225,35.0,93
4226,24.0,46
4227,24.0,61
4228,16.0,36
4229,32.0,156
4230,30.0,251
4231,38.0,10
4232,17.0,28
4233,42.0,74
4234,41.0,165
4235,39.0,111
4236,34.0,31
4237,26.0,515
4238,33.0,502
4239,24.0,829
4240,35.0,77
4241,37.0,134
4242,30.0,260
4243,27.0,113
4244,15.0,4
4245,48.0,330
4246,30.0,155
4247,28.0,182
4248,22.0,245
4249,31.0,481
4250,31.0,910
4251,20.0,147
4252,23.0,159
4253,15.0,13
4254,28.0,161
4255,22.0,180
4256,20.0,356
4257,22.0,145
4258,28.0,101
4259,27.0,1088
4260,42.0,423
4261,28.0,825
4262,23.0,699
4263,23.0,1002
4264,26.0,609
4265,32.0,431
4266,25.0,564
4267,24.0,803
4268,26.0,143
4269,22.0,26
4270,18.0,22
4271,43.0,272
4272,8.0,50
4273,62.0,50
4274,10.0,2
4275,45.0,12
4277,33.0,60
4278,29.0,50
4279,33.0,43
4280,21.0,92
4281,32.0,91
4282,42.0,211
4283,74.0,702
4287,26.0,17
4292,50.0,102
4293,10.0,13
4294,30.0,13
4295,25.0,10
4305,34.0,1
4306,52.0,1
4307,17.0,7
4308,27.0,131
4309,34.0,99
4310,41.0,51
4312,57.0,195
4317,36.0,3
4318,38.0,21
4319,32.0,23
4320,25.0,26
4321,50.0,9
4322,82.0,484
4323,36.0,24
4324,34.0,70
4325,20.0,29
4326,22.0,45
4327,16.0,6
4328,18.0,33
4329,35.0,349
4330,16.0,3
4332,19.0,7
4333,19.0,19
4335,33.0,35
4336,31.0,377
4337,23.0,144
4338,28.0,50
4339,25.0,261
4340,36.0,353
4341,37.0,370
4342,24.0,364
4343,21.0,270
4344,23.0,434
4345,24.0,784
4346,23.0,135
4347,26.0,101
4348,23.0,261
4349,34.0,1179
4350,22.0,301
4351,23.0,275
4352,26.0,54
4353,30.0,91
4354,30.0,132
4355,15.0,31
4356,22.0,227
4357,20.0,141
4358,22.0,252
4359,20.0,864
4360,22.0,322
4361,22.0,252
4362,19.0,570
4363,25.0,361
4364,22.0,411
4365,20.0,351
4366,20.0,637
4367,20.0,753
4368,16.0,149
4369,20.0,163
4370,24.0,82
4371,40.0,371
4372,5.0,71
4373,41.0,70
4374,26.0,1
4375,62.0,6
4377,47.0,37
4378,32.0,13
4379,29.0,29
4380,25.0,34
4381,38.0,193
4382,29.0,162
4383,77.0,632
4386,57.0,3
4387,40.0,6
4392,63.0,68
4393,38.0,3
4394,39.0,9
4395,39.0,11
4407,47.0,12
4408,29.0,60
4409,32.0,23
4410,30.0,75
4411,30.0,175
4412,32.0,363
4413,36.0,115
4417,66.0,3
4419,23.0,7
4420,26.0,46
4421,40.0,20
4422,82.0,438
4423,44.0,29
4424,24.0,133
4425,26.0,127
4426,21.0,5
4427,18.0,36
4428,44.0,156
4429,34.0,244
4430,45.0,273
4432,13.0,1
4433,16.0,7
4436,44.0,267
4437,38.0,6
4438,31.0,70
4439,30.0,143
4440,37.0,80
4441,33.0,99
4442,25.0,572
4443,23.0,603
4444,20.0,1207
4445,19.0,185
4446,23.0,280
4447,18.0,607
4448,22.0,1025
4449,27.0,444
4450,23.0,158
4451,27.0,24
4452,24.0,262
4453,20.0,404
4454,19.0,122
4455,17.0,17
4456,23.0,137
4457,19.0,175
4458,22.0,342
4459,22.0,288
4460,23.0,648
4461,22.0,505
4462,18.0,593
4463,18.0,366
4464,19.0,565
4465,18.0,668
4466,22.0,278
4467,22.0,564
4468,26.0,455
4469,28.0,218
4470,20.0,476
4471,20.0,1112
4472,22.0,149
4473,22.0,223
4474,24.0,31
4476,53.0,5
4477,38.0,60
4478,43.0,16
4479,37.0,7
4480,24.0,383
4481,35.0,85
4482,77.0,404
4483,72.0,289
4485,78.0,1
4486,58.0,5
4492,48.0,32
4493,58.0,70
4495,34.0,15
4507,39.0,60
4508,17.0,14
4509,27.0,17
4510,30.0,21
4512,49.0,51
4513,58.0,168
4514,46.0,262
4515,56.0,44
4516,35.0,18
4517,51.0,3
4520,30.0,14
4521,28.0,68
4522,82.0,516
4523,28.0,54
4524,12.0,41
4525,33.0,201
4526,34.0,84
4527,30.0,98
4528,53.0,393
4529,63.0,153
4530,48.0,74
4531,66.0,248
4532,64.0,102
4533,17.0,2
4534,35.0,79
4535,29.0,296
4536,36.0,186
4537,23.0,42
4538,29.0,226
4539,22.0,93
4540,26.0,129
4541,30.0,323
4542,22.0,141
4543,19.0,93
4544,24.0,941
4545,27.0,513
4546,23.0,434
4547,18.0,342
4548,20.0,1500
4549,27.0,327
4550,23.0,268
4551,25.0,159
4552,16.0,101
4553,15.0,515
4554,26.0,140
4555,30.0,385
4556,24.0,1069
4557,21.0,1243
4558,21.0,1296
4559,24.0,851
4560,26.0,605
4561,31.0,559
4562,24.0,734
4563,27.0,649
4564,21.0,1433
4565,22.0,283
4566,23.0,270
4567,26.0,226
4568,22.0,864
4569,20.0,181
4570,20.0,450
4571,27.0,513
4572,20.0,77
4573,34.0,164
4574,14.0,51
4575,11.0,30
4576,34.0,33
4577,37.0,65
4578,23.0,19
4579,40.0,182
4580,40.0,80
4581,30.0,173
4582,76.0,670
4583,47.0,21
4584,39.0,15
4585,73.0,1
4592,27.0,11
4593,67.0,45
4594,72.0,37
4595,55.0,7
4607,61.0,23
4608,11.0,12
4611,56.0,38
4612,35.0,21
4615,66.0,139
4616,47.0,249
4617,60.0,121
4621,44.0,2
4622,67.0,621
4623,29.0,181
4624,30.0,92
4625,57.0,274
4626,36.0,831
4627,28.0,955
4628,36.0,59
4629,16.0,3
4630,30.0,102
4631,32.0,136
4632,49.0,246
4633,44.0,396
4634,34.0,460
4635,29.0,800
4636,25.0,158
4637,22.0,191
4638,26.0,286
4639,35.0,106
4640,25.0,78
4641,26.0,466
4642,22.0,311
4643,26.0,537
4644,28.0,266
4645,20.0,126
4646,22.0,609
4647,21.0,999
4648,20.0,1214
4649,23.0,215
4650,27.0,317
4651,19.0,700
4652,20.0,141
4653,19.0,115
4654,18.0,871
4655,33.0,543
4656,18.0,61
4657,12.0,10
4658,21.0,246
4659,18.0,212
4660,18.0,82
4661,13.0,90
4662,20.0,218
4663,20.0,146
4664,32.0,577
4665,23.0,198
4666,25.0,299
4667,24.0,327
4668,27.0,299
4669,24.0,668
4670,22.0,152
4671,28.0,407
4672,25.0,54
4673,30.0,169
4674,10.0,118
4675,17.0,7
4676,42.0,20
4677,43.0,43
4678,29.0,235
4679,33.0,148
4680,12.0,30
4681,78.0,596
4682,57.0,128
4683,34.0,25
4691,19.0,3
4692,49.0,8
4694,76.0,52
4695,56.0,9
4706,66.0,23
4707,49.0,1
4711,41.0,72
4717,56.0,55
4718,45.0,245
4719,57.0,199
4720,35.0,549
4721,60.0,233
4722,63.0,973
4723,45.0,503
4724,71.0,290
4725,58.0,191
4726,16.0,120
4727,22.0,527
4728,31.0,371
4729,32.0,270
4730,30.0,54
4731,19.0,66
4732,23.0,120
4733,27.0,110
4734,30.0,148
4735,30.0,484
4736,30.0,425
4737,21.0,829
4738,34.0,255
4739,33.0,73
4740,37.0,236
4741,25.0,91
4742,18.0,171
4743,34.0,415
4744,33.0,213
4745,31.0,186
4746,22.0,443
4747,24.0,697
4748,23.0,483
4749,20.0,588
4750,19.0,571
4751,20.0,240
4752,24.0,346
4753,20.0,1004
4754,23.0,1002
4755,18.0,311
4756,23.0,138
4757,25.0,300
4758,21.0,619
4759,23.0,477
4760,32.0,331
4761,18.0,623
4762,13.0,246
4763,17.0,189
4764,29.0,159
4765,24.0,867
4766,22.0,267
4767,20.0,425
4768,20.0,664
4769,24.0,663
4770,18.0,326
4771,22.0,818
4772,26.0,348
4773,28.0,348
4774,28.0,337
4775,55.0,163
4776,37.0,199
4777,25.0,478
4778,29.0,139
4779,26.0,17
4780,58.0,107
4781,79.0,595
4782,35.0,5
4783,53.0,2
4791,25.0,13
4792,62.0,6
4794,81.0,49
4795,53.0,9
4806,60.0,21
4810,28.0,38
4811,27.0,46
4819,59.0,37
4820,52.0,104
4821,41.0,85
4822,71.0,592
4823,52.0,48
4824,16.0,7
4825,41.0,71
4826,25.0,175
4827,25.0,166
4828,20.0,320
4829,21.0,438
4830,28.0,397
4831,26.0,551
4832,25.0,560
4833,24.0,127
4834,18.0,170
4835,34.0,336
4836,23.0,8
4837,17.0,374
4838,40.0,161
4839,27.0,511
4840,24.0,926
4841,26.0,181
4842,28.0,197
4843,36.0,268
4844,37.0,106
4845,25.0,600
4846,25.0,584
4847,35.0,487
4848,25.0,529
4849,20.0,405
4850,21.0,345
4851,23.0,451
4852,22.0,737
4853,22.0,854
4854,18.0,168
4855,22.0,253
4856,18.0,620
4857,16.0,221
4858,16.0,392
4859,16.0,231
4860,21.0,236
4861,29.0,197
4862,24.0,247
4863,16.0,168
4864,22.0,178
4865,24.0,830
4866,18.0,355
4867,17.0,549
4868,21.0,355
4869,25.0,605
4870,32.0,214
4871,26.0,676
4872,43.0,125
4873,30.0,187
4874,29.0,3
4875,14.0,5
4876,28.0,259
4877,21.0,338
4878,27.0,57
4879,25.0,56
4880,78.0,477
4881,73.0,106
4882,27.0,13
4883,15.0,13
4891,33.0,26
4894,81.0,61
4895,39.0,15
4896,51.0,9
4899,47.0,26
4900,48.0,38
4905,57.0,25
4906,62.0,4
4910,43.0,50
4915,15.0,1
4918,9.0,4
4919,44.0,152
4920,43.0,24
4921,54.0,9
4922,78.0,531
4923,25.0,76
4924,34.0,136
4925,26.0,166
4926,25.0,176
4927,18.0,130
4928,22.0,448
4929,19.0,190
4930,14.0,5
4931,14.0,10
4932,17.0,12
4933,21.0,606
4934,28.0,422
4935,29.0,804
4936,31.0,415
4937,31.0,445
4938,43.0,182
4939,36.0,117
4940,27.0,228
4941,31.0,380
4942,25.0,1068
4943,37.0,305
4944,30.0,278
4945,26.0,302
4946,35.0,467
4947,26.0,487
4948,21.0,581
4949,22.0,468
4950,23.0,404
4951,23.0,706
4952,30.0,288
4953,21.0,115
4954,21.0,238
4955,23.0,184
4956,16.0,141
4957,13.0,283
4958,13.0,87
4959,13.0,146
4960,16.0,402
4961,20.0,144
4962,25.0,342
4963,17.0,124
4964,18.0,162
4965,21.0,803
4966,16.0,528
4967,19.0,388
4968,22.0,388
4969,31.0,393
4970,19.0,244
4971,21.0,848
4972,23.0,415
4973,21.0,441
4974,24.0,508
4975,23.0,677
4976,25.0,1162
4977,36.0,500
4978,41.0,513
4979,50.0,411
4980,74.0,753
4981,62.0,294
4982,65.0,219
4983,69.0,213
4984,73.0,210
4985,69.0,233
4986,71.0,219
4987,65.0,233
4988,37.0,312
4989,20.0,287
4990,17.0,43
4991,25.0,44
4994,78.0,51
4997,43.0,6
4998,41.0,71
4999,27.0,33
5000,18.0,4
5005,49.0,39
5009,66.0,12
5010,59.0,22
5014,25.0,7
5015,37.0,8
5016,35.0,4
5017,41.0,3
5018,26.0,71
5019,29.0,253
5020,37.0,45
5021,18.0,3
5022,79.0,505
5023,35.0,15
5024,32.0,35
5025,26.0,237
5026,23.0,245
5027,25.0,193
5028,31.0,79
5029,20.0,5
5032,12.0,2
5033,24.0,69
5034,31.0,58
5035,51.0,240
5038,35.0,156
5039,25.0,844
5040,25.0,302
5041,23.0,421
5042,22.0,1027
5043,23.0,402
5044,28.0,238
5045,26.0,115
5046,29.0,602
5047,28.0,269
5048,26.0,465
5049,31.0,305
5050,21.0,146
5051,25.0,265
5052,29.0,362
5053,21.0,127
5054,13.0,251
5055,23.0,201
5056,17.0,159
5057,15.0,104
5058,13.0,153
5059,13.0,71
5060,12.0,90
5061,20.0,171
5062,17.0,318
5063,26.0,453
5064,17.0,195
5065,22.0,769
5066,15.0,639
5067,20.0,571
5068,20.0,504
5069,22.0,678
5070,18.0,322
5071,22.0,758
5072,18.0,499
5073,18.0,556
5074,18.0,569
5075,23.0,218
5076,26.0,98
5077,19.0,124
5078,19.0,3
5079,38.0,109
5080,71.0,651
5081,49.0,81
5082,29.0,11
5084,75.0,1
5085,63.0,1
5087,11.0,4
5088,40.0,109
5089,33.0,197
5090,20.0,59
5094,67.0,47
5095,79.0,14
5097,42.0,16
5098,41.0,77
5099,38.0,27
5100,33.0,42
5105,65.0,26
5109,66.0,26
5110,2.0,4
5111,28.0,1
5114,14.0,4
5115,30.0,7
5116,32.0,15
5117,29.0,132
5118,37.0,136
5119,39.0,5
5120,29.0,37
5121,33.0,15
5122,84.0,539
5123,23.0,22
5124,22.0,65
5125,27.0,205
5126,10.0,18
5127,23.0,232
5128,34.0,1
5133,35.0,61
5134,35.0,325
5135,46.0,110
5138,15.0,1
5139,26.0,574
5140,26.0,224
5141,26.0,189
5142,25.0,778
5143,23.0,314
5144,21.0,350
5145,23.0,755
5146,27.0,424
5147,21.0,394
5148,23.0,891
5149,26.0,336
5150,19.0,440
5151,19.0,458
5152,18.0,821
5153,16.0,128
5154,24.0,80
5155,25.0,296
5156,16.0,278
5157,15.0,189
5158,13.0,90
5159,14.0,87
5160,7.0,20
5161,10.0,56
5162,21.0,67
5163,20.0,534
5164,22.0,124
5165,31.0,471
5166,20.0,349
5167,20.0,403
5168,19.0,416
5169,24.0,550
5170,20.0,266
5171,23.0,770
5172,20.0,339
5173,18.0,364
5174,23.0,189
5175,30.0,151
5176,30.0,9
5177,29.0,50
5180,80.0,352
5181,66.0,303
5182,42.0,2
5189,38.0,114
5190,39.0,222
5191,50.0,166
5192,36.0,57
5194,29.0,1
5195,46.0,153
5196,61.0,48
5197,38.0,148
5198,60.0,4
5204,64.0,29
5205,78.0,1
5209,65.0,30
5215,5.0,1
5217,34.0,119
5218,35.0,33
5219,22.0,6
5220,22.0,26
5221,24.0,8
5222,82.0,277
5223,81.0,274
5224,18.0,35
5225,32.0,127
5226,19.0,21
5227,20.0,135
5228,11.0,21
5232,22.0,6
5233,32.0,68
5234,43.0,146
5235,24.0,68
5236,39.0,199
5237,23.0,4
5238,10.0,18
5239,32.0,420
5240,25.0,510
5241,23.0,379
5242,20.0,874
5243,20.0,595
5244,21.0,562
5245,26.0,647
5246,18.0,358
5247,17.0,560
5248,19.0,1150
5249,22.0,741
5250,20.0,1046
5251,29.0,316
5252,18.0,888
5253,24.0,194
5254,18.0,307
5255,23.0,400
5256,18.0,370
5257,16.0,431
5258,16.0,56
5259,16.0,33
5260,17.0,151
5261,15.0,117
5262,15.0,166
5263,24.0,520
5264,20.0,171
5265,21.0,968
5266,20.0,549
5267,19.0,637
5268,20.0,583
5269,21.0,945
5270,22.0,512
5271,22.0,1073
5272,27.0,663
5273,23.0,832
5274,20.0,761
5275,27.0,175
5276,13.0,1
5277,35.0,20
5279,39.0,1
5280,78.0,279
5281,68.0,288
5282,25.0,2
5285,35.0,4
5286,8.0,3
5290,27.0,26
5291,46.0,11
5292,61.0,105
5295,50.0,113
5297,48.0,62
5298,55.0,35
5299,38.0,1
5300,31.0,1
5301,37.0,35
5302,51.0,15
5303,39.0,25
5304,64.0,18
5307,5.0,2
5308,37.0,31
5309,64.0,20
5317,47.0,81
5318,41.0,17
5319,32.0,44
5320,45.0,41
5321,30.0,10
5323,83.0,531
5324,51.0,67
5325,49.0,3
5326,42.0,11
5327,19.0,60
5328,5.0,1
5330,11.0,2
5331,20.0,48
5332,31.0,70
5333,25.0,148
5334,26.0,326
5335,29.0,297
5336,34.0,62
5337,32.0,128
5338,29.0,723
5339,24.0,521
5340,25.0,86
5341,18.0,382
5342,23.0,541
5343,22.0,321
5344,19.0,281
5345,24.0,956
5346,25.0,162
5347,20.0,206
5348,21.0,985
5349,25.0,371
5350,24.0,313
5351,23.0,378
5352,20.0,358
5353,28.0,123
5354,22.0,98
5355,27.0,277
5356,34.0,146
5357,28.0,219
5358,16.0,364
5359,16.0,162
5360,20.0,155
5361,18.0,134
5362,36.0,67
5363,27.0,329
5364,20.0,217
5365,25.0,698
5366,18.0,175
5367,18.0,325
5368,20.0,297
5369,22.0,469
5370,23.0,307
5371,21.0,873
5372,17.0,123
5373,19.0,303
5374,25.0,130
5375,24.0,745
5376,31.0,518
5377,41.0,259
5378,32.0,257
5379,10.0,12
5380,78.0,258
5381,73.0,335
5382,38.0,3
5384,22.0,15
5385,32.0,11
5386,42.0,4
5387,12.0,1
5389,26.0,23
5390,25.0,20
5391,32.0,2
5392,66.0,104
5395,74.0,71
5396,25.0,1
5397,29.0,2
5398,37.0,129
5399,29.0,13
5400,19.0,13
5401,17.0,17
5402,42.0,23
5403,35.0,46
5408,37.0,73
5409,50.0,20
5410,54.0,9
5417,38.0,106
5418,30.0,21
5419,34.0,2
5420,15.0,2
5421,37.0,23
5422,31.0,66
5423,73.0,626
5431,9.0,21
5432,19.0,121
5433,19.0,81
5434,31.0,110
5435,30.0,76
5436,25.0,757
5437,38.0,492
5438,23.0,144
5439,26.0,112
5440,23.0,138
5441,21.0,197
5442,23.0,351
5443,21.0,268
5444,20.0,356
5445,20.0,1255
5446,22.0,290
5447,32.0,197
5448,28.0,679
5449,24.0,188
5450,25.0,89
5451,22.0,580
5452,20.0,470
5453,18.0,130
5454,26.0,208
5455,26.0,33
5456,29.0,51
5457,27.0,307
5458,19.0,259
5459,20.0,64
5460,17.0,26
5461,21.0,300
5462,24.0,282
5463,30.0,67
5464,25.0,307
5465,23.0,887
5466,21.0,220
5467,21.0,431
5468,18.0,560
5469,23.0,748
5470,20.0,343
5471,25.0,516
5472,21.0,221
5473,19.0,570
5474,22.0,229
5475,19.0,448
5476,13.0,63
5477,25.0,414
5478,27.0,289
5479,39.0,235
5480,42.0,225
5481,65.0,844
5482,48.0,109
5483,51.0,97
5484,39.0,167
5485,56.0,84
5486,58.0,97
5487,52.0,106
5488,44.0,124
5489,38.0,70
5490,15.0,1
5492,61.0,139
5493,31.0,1
5495,71.0,70
5496,10.0,1
5497,13.0,4
5498,43.0,167
5499,30.0,36
5500,22.0,15
5503,44.0,11
5508,61.0,47
5510,54.0,17
5511,62.0,16
5516,40.0,38
5517,34.0,138
5518,19.0,59
5519,24.0,2
5520,22.0,3
5521,52.0,16
5522,33.0,46
5523,78.0,576
5524,47.0,76
5526,30.0,2
5527,24.0,3
5532,25.0,137
5533,24.0,188
5534,24.0,67
5535,36.0,236
5536,25.0,562
5537,45.0,191
5538,21.0,240
5539,22.0,181
5540,30.0,226
5541,27.0,86
5542,21.0,266
5543,22.0,348
5544,23.0,533
5545,24.0,617
5546,24.0,225
5547,25.0,1081
5548,28.0,615
5549,30.0,265
5550,21.0,641
5551,23.0,466
5552,31.0,72
5553,26.0,397
5554,50.0,14
5556,46.0,1
5557,25.0,366
5558,16.0,18
5559,18.0,186
5560,22.0,248
5561,19.0,316
5562,27.0,178
5563,35.0,57
5564,27.0,214
5565,22.0,1313
5566,19.0,92
5567,21.0,469
5568,20.0,549
5569,20.0,869
5570,20.0,338
5571,27.0,494
5572,22.0,223
5573,18.0,517
5574,18.0,283
5575,22.0,384
5576,10.0,5
5577,28.0,87
5578,29.0,224
5579,30.0,190
5580,21.0,5
5581,66.0,828
5582,26.0,2
5583,52.0,6
5584,51.0,3
5585,41.0,1
5588,64.0,10
5589,34.0,107
5590,44.0,139
5591,29.0,172
5592,34.0,507
5593,28.0,5
5595,41.0,136
5596,26.0,44
5597,33.0,36
5598,26.0,343
5599,11.0,34
5600,5.0,2
5604,45.0,8
5607,52.0,41
5608,49.0,1
5610,17.0,1
5611,62.0,1
5612,62.0,15
5613,40.0,23
5614,57.0,23
5615,52.0,14
5616,33.0,172
5619,33.0,6
5620,52.0,11
5621,36.0,37
5622,85.0,239
5623,86.0,315
5624,55.0,37
5625,47.0,51
5626,24.0,43
5627,25.0,19
5628,30.0,151
5629,51.0,74
5630,47.0,35
5631,15.0,36
5632,33.0,77
5633,39.0,226
5634,25.0,683
5635,36.0,265
5636,19.0,4
5637,41.0,164
5638,28.0,110
5639,28.0,85
5640,37.0,36
5641,30.0,184
5642,22.0,249
5643,19.0,491
5644,21.0,1344
5645,28.0,215
5646,23.0,556
5647,34.0,468
5649,18.0,33
5650,28.0,369
5651,25.0,187
5652,27.0,339
5653,29.0,359
5654,15.0,18
5655,30.0,200
5656,30.0,199
5657,30.0,254
5658,21.0,69
5659,18.0,206
5660,24.0,223
5661,21.0,186
5662,22.0,191
5663,38.0,382
5664,33.0,478
5665,21.0,644
5666,21.0,611
5667,19.0,328
5668,23.0,171
5669,20.0,667
5670,18.0,281
5671,24.0,592
5672,23.0,254
5673,22.0,363
5674,29.0,105
5675,23.0,239
5677,34.0,40
5678,34.0,141
5679,26.0,559
5680,38.0,404
5681,75.0,632
5685,31.0,3
5686,23.0,8
5692,29.0,27
5693,41.0,308
5694,41.0,293
5695,30.0,524
5696,28.0,37
5697,16.0,34
5698,24.0,334
5699,16.0,26
5700,12.0,3
5703,47.0,17
5707,39.0,24
5708,39.0,67
5709,40.0,11
5714,21.0,1
5715,21.0,200
5716,29.0,147
5717,31.0,155
5718,34.0,56
5719,34.0,31
5720,45.0,36
5721,69.0,11
5722,87.0,603
5725,44.0,61
5726,33.0,166
5727,50.0,49
5728,27.0,42
5730,46.0,74
5731,34.0,313
5732,34.0,510
5733,42.0,219
5734,25.0,1
5735,38.0,137
5736,28.0,13
5737,18.0,13
5740,37.0,80
5741,28.0,24
5742,31.0,76
5743,28.0,334
5744,22.0,1360
5745,22.0,571
5746,20.0,401
5747,30.0,583
5749,33.0,1
5750,30.0,312
5751,22.0,171
5752,22.0,288
5753,21.0,916
5754,30.0,404
5755,25.0,359
5756,20.0,437
5757,18.0,1101
5758,19.0,134
5759,21.0,113
5760,14.0,41
5761,19.0,224
5762,23.0,1112
5763,26.0,349
5764,21.0,343
5765,19.0,444
5766,22.0,718
5767,19.0,312
5768,21.0,389
5769,24.0,443
5770,18.0,199
5771,31.0,345
5772,16.0,116
5773,21.0,366
5774,17.0,19
5775,23.0,335
5776,94.0,1
5777,39.0,128
5778,39.0,154
5779,21.0,383
5780,25.0,336
5781,68.0,737
5782,65.0,96
5783,71.0,34
5784,46.0,1
5786,26.0,19
5788,18.0,2
5795,22.0,6
5796,25.0,411
5797,28.0,663
5798,26.0,696
5799,33.0,310
5800,33.0,305
5802,30.0,2
5803,46.0,10
5806,32.0,3
5807,39.0,39
5808,59.0,35
5814,9.0,4
5815,20.0,169
5816,25.0,99
5817,24.0,74
5818,3.0,4
5819,29.0,25
5821,87.0,567
5822,80.0,20
5826,41.0,45
5829,71.0,135
5830,60.0,224
5831,40.0,284
5832,42.0,238
5835,32.0,186
5836,43.0,103
5837,42.0,144
5838,43.0,117
5839,43.0,121
5840,35.0,158
5841,61.0,93
5842,54.0,94
5843,37.0,209
5844,24.0,1247
5845,19.0,427
5846,23.0,427
5847,25.0,1124
5848,34.0,25
5849,32.0,190
5850,20.0,436
5851,24.0,135
5852,24.0,815
5853,19.0,406
5854,19.0,174
5855,17.0,147
5856,16.0,141
5857,21.0,753
5858,28.0,534
5859,23.0,633
5860,20.0,975
5861,21.0,688
5862,20.0,638
5863,21.0,801
5864,20.0,237
5865,19.0,176
5866,18.0,289
5867,22.0,715
5868,19.0,432
5869,19.0,686
5870,21.0,211
5871,18.0,1228
5872,18.0,399
5873,23.0,461
5874,29.0,218
5875,21.0,540
5876,34.0,6
5877,20.0,433
5878,24.0,304
5879,21.0,228
5880,71.0,155
5881,85.0,393
5883,72.0,66
5884,55.0,123
5885,31.0,178
5886,27.0,94
5887,19.0,16
5888,17.0,4
5897,39.0,181
5898,46.0,11
5899,37.0,17
5900,39.0,22
5902,28.0,18
5903,50.0,3
5905,14.0,9
5906,11.0,5
5907,54.0,22
5908,61.0,30
5913,54.0,2
5914,25.0,57
5915,28.0,66
5916,30.0,154
5917,7.0,1
5920,80.0,294
5921,86.0,311
5925,42.0,6
5926,31.0,337
5927,51.0,302
5928,63.0,224
5929,73.0,42
5931,46.0,6
5932,42.0,113
5935,33.0,171
5936,33.0,330
5937,29.0,7
5938,18.0,21
5941,62.0,7
5942,42.0,276
5943,43.0,276
5944,24.0,1141
5945,21.0,232
5946,24.0,1323
5947,26.0,258
5948,25.0,304
5949,20.0,294
5950,23.0,250
5951,23.0,840
5952,19.0,425
5953,16.0,350
5954,20.0,190
5955,16.0,80
5956,21.0,72
5957,19.0,725
5958,21.0,116
5959,18.0,190
5960,29.0,102
5961,23.0,738
5962,26.0,287
5963,20.0,293
5964,19.0,291
5965,17.0,466
5966,19.0,321
5967,20.0,552
5968,23.0,682
5969,23.0,661
5970,22.0,446
5971,22.0,217
5972,21.0,263
5973,17.0,565
5974,22.0,163
5975,17.0,364
5976,20.0,422
5977,15.0,586
5978,25.0,291
5979,23.0,58
5980,82.0,528
5981,55.0,47
5982,61.0,55
5983,61.0,7
5984,61.0,51
5985,56.0,43
5986,25.0,52
5987,23.0,33
5988,8.0,6
5989,4.0,1
5996,35.0,125
5997,37.0,46
5998,2.0,1
6000,49.0,1
6001,21.0,51
6002,23.0,59
6003,26.0,60
6004,27.0,60
6005,24.0,113
6006,28.0,44
6007,51.0,28
6008,45.0,28
6009,46.0,2
6013,49.0,1
6014,22.0,186
6015,14.0,32
6016,24.0,136
6017,4.0,1
6019,60.0,18
6020,80.0,655
6024,51.0,189
6025,49.0,258
6026,51.0,72
6027,15.0,4
6031,55.0,107
6035,27.0,250
6036,26.0,665
6037,40.0,247
6038,42.0,4
6039,43.0,205
6040,29.0,521
6041,44.0,234
6042,20.0,50
6043,33.0,220
6044,35.0,693
6045,31.0,1140
6046,29.0,315
6047,25.0,530
6048,24.0,369
6049,22.0,390
6050,28.0,780
6051,20.0,446
6052,13.0,164
6053,21.0,129
6054,26.0,250
6055,22.0,787
6056,25.0,971
6057,22.0,963
6058,34.0,400
6059,27.0,282
6060,34.0,91
6061,28.0,498
6062,22.0,421
6063,16.0,177
6064,20.0,635
6065,15.0,472
6066,19.0,489
6067,23.0,554
6068,20.0,985
6069,18.0,916
6070,21.0,275
6071,19.0,337
6072,18.0,227
6073,17.0,464
6074,18.0,326
6075,14.0,322
6076,17.0,89
6077,24.0,197
6078,38.0,83
6079,24.0,58
6080,86.0,472
6082,45.0,3
6083,49.0,52
6084,37.0,236
6086,39.0,28
6087,48.0,83
6088,42.0,97
6089,45.0,65
6090,57.0,65
6091,62.0,71
6092,54.0,71
6093,34.0,14
6095,25.0,3
6096,27.0,261
6097,33.0,119
6098,43.0,79
6099,30.0,102
6100,29.0,92
6101,26.0,271
6102,26.0,314
6103,20.0,35
6104,26.0,10
6105,22.0,20
6106,24.0,165
6107,28.0,97
6108,34.0,16
6109,30.0,5
6114,21.0,178
6115,21.0,80
6116,22.0,244
6117,18.0,34
6118,25.0,29
6119,72.0,609
6120,86.0,12
6121,31.0,43
6122,58.0,183
6123,70.0,184
6124,67.0,60
6130,52.0,1
6131,46.0,97
6136,33.0,237
6137,46.0,8
6138,37.0,261
6139,29.0,93
6140,29.0,793
6141,35.0,209
6142,26.0,348
6143,27.0,148
6144,37.0,840
6145,32.0,1412
6146,47.0,273
6147,30.0,150
6148,22.0,408
6149,22.0,950
6150,20.0,720
6151,24.0,372
6152,19.0,759
6153,24.0,571
6154,24.0,608
6155,39.0,397
6156,6.0,2
6157,25.0,771
6158,22.0,82
6159,16.0,143
6160,19.0,63
6161,18.0,375
6162,26.0,479
6163,19.0,649
6164,14.0,229
6165,21.0,188
6166,19.0,567
6167,21.0,562
6168,22.0,844
6169,19.0,1688
6170,22.0,763
6171,23.0,486
6172,24.0,368
6173,21.0,558
6174,19.0,366
6175,18.0,347
6176,22.0,493
6177,23.0,606
6178,26.0,437
6179,24.0,589
6180,69.0,775
6181,39.0,273
6182,45.0,219
6183,47.0,39
6184,46.0,125
6185,44.0,77
6186,32.0,197
6187,31.0,46
6188,12.0,12
6192,49.0,1
6193,35.0,175
6194,31.0,116
6195,32.0,94
6196,37.0,150
6197,42.0,16
6200,29.0,160
6201,21.0,13
6202,9.0,2
6203,31.0,275
6204,24.0,524
6205,39.0,203
6206,36.0,301
6207,35.0,327
6208,34.0,438
6209,36.0,64
6210,19.0,2
6211,25.0,4
6212,8.0,2
6213,34.0,191
6214,27.0,112
6215,21.0,204
6216,28.0,207
6217,40.0,185
6218,27.0,359
6219,64.0,873
6220,50.0,224
6221,44.0,271
6222,37.0,35
6230,37.0,96
6231,37.0,11
6235,42.0,134
6236,26.0,347
6237,33.0,302
6238,28.0,369
6239,26.0,504
6240,38.0,550
6242,34.0,10
6243,45.0,488
6244,40.0,534
6245,15.0,94
6246,35.0,841
6247,33.0,744
6248,26.0,824
6249,21.0,779
6250,23.0,453
6251,21.0,601
6252,20.0,493
6253,20.0,350
6254,13.0,43
6257,24.0,516
6258,19.0,318
6259,19.0,201
6260,17.0,455
6261,21.0,537
6262,19.0,355
6263,29.0,460
6264,17.0,856
6265,22.0,249
6266,21.0,249
6267,20.0,717
6268,25.0,175
6269,33.0,267
6270,21.0,382
6271,21.0,712
6272,19.0,375
6273,21.0,510
6274,22.0,364
6275,21.0,79
6276,20.0,233
6277,20.0,106
6278,22.0,103
6279,30.0,108
6280,84.0,549
6281,45.0,33
6282,56.0,15
6283,48.0,189
6284,27.0,538
6285,33.0,12
6286,31.0,105
6287,33.0,1
6293,35.0,18
6294,23.0,72
6295,25.0,73
6296,25.0,256
6297,25.0,19
6300,37.0,15
6301,32.0,17
6302,51.0,13
6303,53.0,12
6304,40.0,62
6305,49.0,3
6306,26.0,50
6307,18.0,34
6308,24.0,34
6309,37.0,430
6310,56.0,246
6311,70.0,220
6312,56.0,263
6313,32.0,108
6314,6.0,8
6315,27.0,18
6318,21.0,1
6319,72.0,652
6321,28.0,55
6323,9.0,4
6330,20.0,268
6331,31.0,65
6332,21.0,2
6333,52.0,71
6334,40.0,247
6335,35.0,104
6336,34.0,155
6337,19.0,33
6338,17.0,26
6339,13.0,12
6340,52.0,381
6342,32.0,275
6343,45.0,535
6344,20.0,74
6345,20.0,393
6346,25.0,846
6347,29.0,1271
6348,35.0,692
6349,30.0,64
6350,23.0,448
6351,25.0,233
6352,21.0,217
6353,24.0,47
6354,23.0,4
6356,24.0,15
6357,27.0,315
6358,24.0,265
6359,21.0,250
6360,22.0,584
6361,31.0,211
6362,29.0,373
6363,23.0,685
6364,27.0,505
6365,20.0,699
6366,23.0,174
6367,25.0,132
6368,26.0,144
6369,24.0,426
6370,17.0,122
6371,18.0,857
6372,21.0,410
6373,24.0,209
6374,20.0,103
6375,19.0,718
6376,19.0,415
6377,17.0,448
6378,28.0,207
6379,32.0,248
6380,72.0,370
6381,71.0,243
6382,15.0,1
6384,35.0,390
6385,50.0,256
6386,32.0,451
6387,44.0,141
6393,27.0,47
6394,21.0,35
6395,20.0,68
6396,29.0,164
6397,21.0,4
6399,23.0,1
6403,10.0,4
6404,40.0,56
6405,49.0,1
6406,26.0,24
6408,40.0,15
6409,52.0,83
6410,14.0,2
6412,35.0,132
6413,76.0,237
6414,78.0,127
6415,11.0,7
6419,72.0,637
6420,18.0,2
6421,20.0,111
6422,25.0,104
6423,16.0,19
6430,22.0,102
6431,29.0,178
6432,31.0,234
6433,42.0,65
6434,27.0,48
6435,29.0,199
6436,24.0,219
6437,28.0,126
6438,32.0,247
6439,45.0,196
6440,41.0,584
6441,57.0,495
6442,52.0,634
6443,63.0,17
6444,37.0,303
6445,23.0,1260
6446,23.0,495
6447,22.0,281
6448,34.0,558
6449,30.0,1035
6450,25.0,235
6451,22.0,147
6452,34.0,24
6453,17.0,13
6456,40.0,25
6457,25.0,353
6458,21.0,107
6459,23.0,229
6460,23.0,633
6461,26.0,861
6462,19.0,232
6463,32.0,344
6464,25.0,795
6465,23.0,590
6466,23.0,170
6467,36.0,46
6468,22.0,156
6469,25.0,359
6470,27.0,52
6471,27.0,207
6472,23.0,283
6473,21.0,740
6474,36.0,361
6475,26.0,415
6476,25.0,106
6477,18.0,73
6478,36.0,2
6479,45.0,2
6480,28.0,90
6481,74.0,723
6484,53.0,110
6485,2.0,1
6486,17.0,28
6487,48.0,100
6488,60.0,193
6489,45.0,284
6490,12.0,3
6492,19.0,9
6493,31.0,69
6494,26.0,50
6495,24.0,39
6496,31.0,132
6498,29.0,27
6499,24.0,8
6503,1.0,1
6504,50.0,30
6505,30.0,11
6506,26.0,54
6507,10.0,2
6508,64.0,12
6509,48.0,97
6510,22.0,23
6511,21.0,57
6512,29.0,25
6514,85.0,58
6515,85.0,190
6516,76.0,68
6519,68.0,634
6522,43.0,56
6530,9.0,7
6531,35.0,96
6532,30.0,193
6533,16.0,119
6534,25.0,198
6535,27.0,194
6536,28.0,215
6537,32.0,104
6538,22.0,137
6539,42.0,87
6540,44.0,1351
6541,43.0,313
6542,36.0,158
6543,27.0,871
6544,25.0,676
6545,21.0,370
6546,25.0,242
6547,20.0,154
6548,22.0,355
6549,28.0,973
6550,46.0,607
6551,21.0,46
6552,15.0,10
6553,23.0,39
6554,25.0,455
6555,29.0,335
6556,30.0,297
6557,21.0,578
6558,18.0,801
6559,23.0,306
6560,19.0,295
6561,22.0,1198
6562,26.0,886
6563,36.0,484
6564,22.0,264
6565,23.0,378
6566,21.0,408
6567,31.0,109
6568,25.0,89
6569,19.0,202
6570,21.0,618
6571,14.0,10
6572,28.0,108
6573,26.0,234
6574,46.0,165
6575,29.0,746
6576,31.0,161
6577,26.0,35
6581,87.0,468
6582,63.0,44
6584,36.0,172
6585,34.0,106
6586,25.0,52
6588,29.0,7
6589,39.0,91
6590,55.0,205
6591,65.0,175
6592,38.0,317
6593,35.0,19
6594,23.0,42
6595,17.0,69
6596,34.0,163
6597,44.0,5
6598,32.0,45
6599,23.0,13
6604,40.0,61
6605,23.0,20
6606,25.0,66
6607,28.0,1
6608,43.0,14
6609,42.0,101
6610,42.0,24
6611,21.0,37
6612,1.0,2
6616,80.0,148
6617,83.0,204
6618,69.0,219
6619,65.0,924
6620,67.0,221
6621,58.0,356
6622,67.0,231
6623,73.0,207
6624,71.0,221
6625,59.0,35
6628,26.0,1
6630,41.0,86
6631,43.0,5
6632,28.0,185
6633,38.0,92
6634,23.0,458
6635,29.0,213
6636,25.0,51
6637,31.0,94
6638,53.0,155
6639,41.0,151
6640,47.0,1059
6641,32.0,350
6642,37.0,452
6643,32.0,145
6644,26.0,348
6645,25.0,229
6646,23.0,160
6647,22.0,205
6648,23.0,506
6649,17.0,62
6650,50.0,248
6651,47.0,697
6652,27.0,462
6653,28.0,968
6654,22.0,869
6655,25.0,681
6656,28.0,720
6657,21.0,915
6658,22.0,1032
6659,25.0,1126
6660,23.0,1230
6661,24.0,429
6662,35.0,407
6663,27.0,253
6664,17.0,182
6665,24.0,39
6666,29.0,343
6667,26.0,127
6668,16.0,62
6669,12.0,11
6670,25.0,558
6671,22.0,87
6672,22.0,47
6673,19.0,279
6674,21.0,277
6675,27.0,735
6676,39.0,473
6677,16.0,10
6678,7.0,1
6681,80.0,244
6682,84.0,345
6683,49.0,128
6684,30.0,289
6685,34.0,95
6686,13.0,1
6688,21.0,22
6689,35.0,10
6690,27.0,18
6691,23.0,18
6692,29.0,108
6693,32.0,471
6694,30.0,402
6695,28.0,432
6696,31.0,449
6697,32.0,292
6698,36.0,34
6699,26.0,10
6701,52.0,11
6703,53.0,38
6704,27.0,9
6705,22.0,8
6706,6.0,4
6707,26.0,90
6708,44.0,20
6709,37.0,123
6710,39.0,3
6711,1.0,2
6718,43.0,30
6719,66.0,632
6720,62.0,1
6721,44.0,89
6722,19.0,78
6723,15.0,8
6724,39.0,14
6725,63.0,242
6726,60.0,240
6728,39.0,1
6729,43.0,82
6730,32.0,46
6731,26.0,48
6732,32.0,137
6733,37.0,225
6734,26.0,109
6737,40.0,168
6738,28.0,140
6739,36.0,118
6740,40.0,1448
6741,32.0,286
6742,24.0,41
6743,28.0,273
6744,27.0,250
6745,19.0,180
6746,33.0,343
6747,20.0,684
6748,27.0,20
6749,17.0,32
6750,21.0,2
6751,27.0,238
6752,28.0,682
6753,21.0,409
6754,23.0,45
6755,20.0,135
6756,26.0,130
6757,26.0,81
6758,21.0,383
6759,30.0,235
6760,24.0,452
6761,26.0,132
6762,27.0,517
6763,24.0,500
6764,23.0,18
6765,22.0,49
6766,23.0,486
6767,25.0,190
6768,7.0,16
6769,27.0,7
6770,21.0,576
6771,25.0,126
6772,25.0,141
6773,21.0,204
6774,24.0,179
6775,23.0,333
6776,45.0,387
6777,44.0,386
6778,19.0,15
6779,24.0,9
6781,70.0,2
6782,85.0,500
6784,42.0,120
6785,36.0,62
6786,41.0,37
6789,23.0,20
6790,28.0,5
6791,22.0,50
6792,29.0,29
6793,32.0,15
6794,27.0,104
6795,14.0,3
6796,34.0,17
6797,27.0,309
6798,45.0,221
6799,68.0,158
6800,76.0,120
6801,49.0,2
6802,45.0,12
6803,32.0,60
6804,10.0,8
6805,16.0,32
6806,23.0,86
6807,33.0,20
6808,36.0,4
6809,55.0,81
6818,42.0,19
6819,66.0,629
6820,41.0,88
6821,27.0,197
6822,26.0,139
6823,38.0,32
6824,53.0,23
6826,49.0,199
6827,40.0,230
6828,43.0,100
6829,52.0,7
6830,20.0,33
6831,23.0,28
6832,28.0,255
6833,31.0,59
6834,25.0,51
6835,31.0,241
6836,39.0,372
6837,26.0,379
6838,30.0,234
6839,26.0,396
6840,59.0,933
6841,29.0,34
6842,25.0,47
6843,23.0,566
6844,26.0,295
6845,29.0,358
6846,25.0,60
6847,44.0,66
6848,26.0,36
6849,22.0,69
6850,26.0,27
6851,25.0,223
6852,18.0,433
6853,28.0,50
6854,22.0,162
6855,18.0,163
6856,27.0,98
6857,27.0,203
6858,23.0,187
6859,25.0,574
6860,21.0,501
6861,25.0,223
6862,20.0,877
6863,23.0,709
6864,19.0,24
6865,9.0,11
6866,29.0,191
6867,19.0,457
6868,50.0,10
6869,33.0,83
6870,24.0,419
6871,25.0,51
6872,20.0,55
6873,27.0,156
6874,28.0,68
6875,22.0,245
6876,22.0,308
6877,46.0,471
6878,53.0,243
6879,27.0,88
6880,33.0,1
6882,84.0,539
6884,33.0,180
6885,8.0,34
6886,34.0,98
6887,27.0,8
6890,38.0,1
6891,21.0,10
6892,21.0,210
6893,33.0,72
6894,31.0,45
6895,15.0,3
6896,27.0,6
6897,46.0,79
6903,39.0,22
6904,31.0,19
6905,30.0,31
6906,26.0,77
6907,29.0,38
6908,36.0,141
6909,24.0,4
6918,64.0,407
6919,72.0,253
6921,5.0,2
6922,40.0,32
6923,42.0,45
6924,46.0,34
6925,20.0,8
6926,25.0,28
6927,45.0,460
6928,24.0,242
6929,28.0,38
6930,34.0,29
6931,33.0,162
6932,31.0,281
6933,31.0,482
6934,28.0,541
6935,33.0,187
6936,27.0,35
6937,23.0,461
6938,32.0,187
6939,23.0,233
6940,70.0,748
6941,3.0,2
6942,28.0,143
6943,28.0,659
6944,47.0,157
6945,4.0,2
6946,52.0,57
6947,35.0,103
6948,30.0,33
6949,26.0,47
6950,23.0,186
6951,20.0,269
6952,27.0,129
6953,23.0,177
6954,28.0,69
6955,17.0,264
6956,24.0,118
6957,20.0,325
6958,32.0,438
6959,34.0,330
6960,25.0,104
6961,26.0,36
6962,25.0,195
6963,42.0,434
6964,30.0,154
6965,18.0,48
6966,15.0,43
6967,21.0,506
6968,35.0,74
6969,46.0,30
6970,27.0,349
6971,19.0,265
6972,28.0,80
6973,23.0,18
6975,19.0,16
6976,20.0,401
6977,19.0,302
6978,54.0,388
6979,42.0,246
6980,24.0,100
6981,13.0,2
6982,81.0,499
6983,68.0,92
6984,19.0,360
6985,25.0,176
6986,25.0,125
6987,19.0,41
6991,16.0,12
6992,35.0,110
6993,32.0,2
6994,20.0,20
6995,26.0,22
6996,32.0,27
6997,49.0,92
7002,51.0,10
7003,51.0,14
7004,34.0,16
7005,35.0,12
7006,27.0,43
7007,31.0,64
7008,46.0,50
7010,4.0,1
7018,64.0,706
7022,21.0,47
7023,22.0,12
7024,38.0,12
7025,31.0,59
7026,18.0,45
7027,35.0,381
7028,28.0,454
7029,26.0,568
7030,29.0,555
7031,35.0,376
7032,25.0,215
7033,10.0,39
7034,9.0,9
7035,22.0,22
7036,29.0,9
7037,26.0,96
7038,25.0,36
7039,17.0,48
7040,62.0,998
7041,42.0,161
7042,25.0,234
7043,42.0,416
7044,30.0,5
7046,55.0,71
7049,3.0,2
7050,28.0,150
7051,24.0,129
7052,14.0,22
7053,33.0,82
7054,25.0,109
7055,20.0,365
7056,21.0,361
7057,34.0,163
7058,48.0,460
7059,29.0,173
7060,14.0,3
7061,17.0,42
7062,24.0,196
7063,35.0,332
7064,42.0,164
7065,22.0,38
7066,23.0,20
7067,29.0,352
7068,4.0,1
7069,14.0,5
7070,19.0,59
7071,21.0,712
7072,21.0,168
7073,29.0,95
7074,22.0,129
7075,19.0,141
7076,22.0,252
7077,28.0,186
7078,24.0,80
7079,49.0,534
7080,47.0,177
7081,46.0,31
7082,82.0,3
7083,75.0,608
7084,16.0,119
7085,21.0,215
7086,22.0,349
7087,24.0,45
7091,53.0,58
7092,49.0,25
7094,5.0,11
7095,25.0,15
7096,17.0,2
7097,54.0,90
7101,93.0,78
7102,97.0,95
7103,93.0,115
7104,90.0,108
7105,86.0,106
7106,72.0,183
7107,55.0,151
7117,60.0,52
7118,62.0,730
7121,54.0,2
7122,41.0,14
7123,27.0,56
7124,30.0,39
7125,20.0,35
7126,24.0,39
7127,28.0,308
7128,25.0,622
7129,28.0,428
7130,24.0,25
7132,37.0,7
7133,20.0,5
7134,25.0,19
7135,28.0,4
7136,35.0,26
7137,25.0,13
7138,41.0,14
7139,28.0,7
7140,67.0,828
7141,23.0,351
7142,24.0,529
7143,38.0,540
7146,31.0,156
7149,25.0,1
7150,37.0,144
7151,23.0,142
7152,27.0,227
7153,33.0,86
7154,38.0,86
7155,28.0,50
7156,27.0,187
7157,61.0,326
7158,31.0,86
7159,22.0,198
7160,23.0,165
7161,27.0,123
7162,24.0,141
7163,21.0,345
7164,33.0,368
7165,26.0,233
7166,20.0,346
7167,24.0,458
7168,36.0,81
7170,16.0,5
7171,28.0,402
7172,24.0,104
7173,26.0,143
7174,22.0,195
7175,22.0,345
7176,29.0,53
7177,28.0,29
7178,29.0,215
7179,28.0,121
7180,64.0,397
7181,46.0,174
7182,31.0,44
7183,63.0,584
7184,58.0,208
7185,25.0,72
7186,27.0,293
7191,38.0,151
7192,35.0,14
7193,9.0,3
7195,13.0,9
7196,12.0,1
7197,49.0,74
7201,49.0,64
7202,25.0,189
7203,34.0,129
7204,33.0,221
7205,50.0,103
7206,36.0,139
7207,80.0,151
7208,97.0,123
7209,98.0,140
7210,88.0,157
7211,92.0,149
7212,88.0,140
7213,81.0,97
7214,21.0,1
7216,61.0,14
7217,72.0,316
7218,56.0,436
7221,60.0,5
7222,27.0,3
7223,23.0,37
7224,23.0,128
7225,23.0,136
7226,23.0,315
7227,21.0,29
7228,26.0,42
7229,41.0,28
7230,20.0,4
7233,23.0,31
7234,56.0,7
7235,46.0,19
7236,28.0,1
7238,35.0,22
7239,56.0,436
7240,58.0,958
7241,18.0,140
7242,31.0,224
7243,39.0,124
7244,13.0,7
7246,37.0,141
7247,50.0,108
7248,31.0,9
7249,15.0,2
7250,55.0,64
7252,33.0,178
7253,30.0,37
7254,25.0,142
7255,23.0,222
7256,22.0,40
7257,61.0,280
7258,22.0,41
7259,13.0,30
7260,24.0,138
7261,28.0,68
7262,26.0,73
7263,23.0,335
7264,37.0,311
7265,25.0,414
7266,27.0,379
7267,32.0,52
7268,35.0,209
7269,14.0,7
7270,25.0,18
7271,32.0,330
7272,27.0,77
7273,28.0,89
7274,28.0,36
7275,30.0,185
7276,48.0,35
7277,47.0,27
7278,23.0,187
7279,17.0,848
7280,37.0,211
7281,66.0,403
7282,52.0,117
7283,23.0,142
7284,67.0,676
7285,20.0,490
7286,8.0,66
7287,4.0,1
7289,53.0,15
7290,37.0,73
7291,36.0,108
7292,27.0,20
7293,29.0,33
7294,37.0,6
7296,33.0,3
7297,31.0,194
7298,39.0,28
7301,39.0,53
7303,52.0,55
7304,51.0,6
7307,47.0,192
7311,7.0,10
7313,92.0,31
7314,76.0,144
7315,72.0,196
7316,60.0,294
7317,44.0,724
7318,53.0,637
7319,69.0,250
7320,66.0,102
7321,30.0,17
7322,31.0,11
7323,22.0,4
7324,36.0,154
7325,22.0,279
7326,22.0,64
7327,25.0,37
7328,24.0,27
7329,37.0,6
7333,20.0,10
7334,42.0,5
7335,54.0,1
7336,6.0,4
7337,21.0,1
7338,60.0,430
7339,47.0,1596
7340,25.0,86
7341,27.0,37
7342,27.0,371
7343,39.0,63
7344,30.0,104
7345,39.0,88
7346,31.0,22
7347,35.0,26
7348,45.0,110
7349,34.0,182
7350,47.0,361
7351,59.0,186
7352,34.0,268
7353,23.0,41
7354,23.0,66
7355,21.0,302
7356,54.0,173
7357,61.0,148
7358,18.0,87
7359,39.0,113
7360,30.0,203
7361,25.0,89
7362,38.0,26
7363,22.0,272
7364,29.0,520
7365,36.0,248
7366,43.0,120
7367,25.0,80
7368,26.0,224
7369,39.0,97
7370,27.0,61
7371,22.0,627
7372,23.0,199
7373,31.0,105
7374,33.0,75
7375,33.0,186
7376,53.0,32
7377,41.0,46
7378,29.0,33
7379,20.0,531
7380,23.0,93
7381,28.0,270
7382,40.0,885
7383,31.0,864
7384,46.0,1230
7385,26.0,604
7386,31.0,483
7387,41.0,272
7388,40.0,280
7389,44.0,304
7390,34.0,307
7391,21.0,586
7392,29.0,336
7393,34.0,230
7394,26.0,36
7395,27.0,28
7396,31.0,22
7397,27.0,152
7398,17.0,120
7401,24.0,4
7402,67.0,5
7403,63.0,52
7406,4.0,1
7407,30.0,127
7408,34.0,149
7409,44.0,90
7410,45.0,84
7411,34.0,121
7412,32.0,86
7413,30.0,4
7415,57.0,53
7416,90.0,50
7417,60.0,396
7418,52.0,179
7419,49.0,1
7420,71.0,171
7421,75.0,212
7422,78.0,233
7423,62.0,402
7424,70.0,357
7425,63.0,358
7426,60.0,338
7427,61.0,411
7428,63.0,383
7429,65.0,348
7430,66.0,357
7431,70.0,384
7432,66.0,398
7433,64.0,328
7434,59.0,178
7435,78.0,48
7436,65.0,198
7437,73.0,372
7438,53.0,1287
7439,24.0,365
7440,27.0,54
7441,8.0,6
7442,21.0,430
7443,21.0,89
7444,23.0,62
7445,26.0,53
7446,17.0,9
7447,25.0,7
7448,15.0,5
7449,36.0,431
7450,32.0,25
7451,41.0,66
7452,31.0,170
7453,28.0,70
7454,16.0,302
7455,19.0,172
7456,37.0,465
7457,51.0,89
7458,32.0,165
7459,33.0,27
7460,17.0,202
7461,26.0,261
7462,43.0,82
7463,51.0,65
7464,37.0,161
7465,39.0,307
7466,27.0,323
7467,22.0,184
7468,25.0,24
7469,45.0,118
7470,23.0,29
7471,25.0,312
7472,37.0,147
7473,26.0,28
7474,27.0,240
7475,30.0,82
7476,40.0,26
7477,35.0,80
7478,32.0,233
7479,19.0,33
7480,19.0,48
7481,31.0,36
7482,36.0,155
7483,45.0,576
7484,60.0,815
7485,33.0,846
7486,22.0,289
7488,30.0,47
7489,26.0,46
7490,19.0,130
7491,15.0,194
7492,16.0,129
7493,26.0,132
7494,40.0,254
7495,33.0,326
7496,28.0,415
7497,28.0,355
7498,33.0,296
7499,53.0,169
7500,48.0,208
7501,45.0,41
7502,67.0,62
7503,5.0,2
7505,23.0,1
7506,9.0,24
7507,19.0,34
7508,45.0,34
7509,26.0,1
7511,11.0,3
7512,29.0,77
7513,48.0,103
7514,48.0,84
7515,54.0,63
7516,61.0,56
7517,72.0,391
7518,15.0,13
7519,29.0,16
7520,23.0,24
7521,45.0,96
7522,45.0,142
7523,58.0,135
7524,51.0,91
7525,43.0,174
7526,54.0,44
7527,46.0,6
7528,60.0,4
7531,46.0,4
7532,43.0,4
7533,86.0,9
7534,72.0,182
7535,62.0,518
7536,63.0,719
7537,49.0,1278
7538,50.0,879
7539,26.0,245
7540,30.0,162
7542,29.0,230
7543,18.0,168
7544,22.0,124
7545,21.0,27
7547,30.0,11
7548,20.0,76
7549,31.0,357
7550,25.0,27
7552,14.0,4
7553,20.0,344
7554,17.0,451
7555,24.0,180
7556,32.0,722
7557,24.0,95
7558,40.0,27
7559,24.0,49
7560,24.0,71
7561,20.0,141
7562,28.0,7
7563,28.0,12
7564,23.0,305
7565,31.0,456
7566,35.0,198
7567,31.0,108
7568,19.0,89
7569,38.0,76
7570,37.0,88
7571,23.0,34
7572,33.0,321
7573,30.0,138
7574,46.0,22
7575,23.0,69
7576,44.0,27
7577,30.0,82
7578,26.0,234
7579,21.0,116
7580,20.0,67
7581,24.0,19
7582,31.0,1
7583,43.0,4
7584,53.0,1080
7585,22.0,523
7586,43.0,32
7587,39.0,35
7588,21.0,34
7589,20.0,11
7590,35.0,2
7591,27.0,145
7592,18.0,44
7593,34.0,23
7594,24.0,33
7595,22.0,73
7596,33.0,163
7597,32.0,40
7600,12.0,19
7601,52.0,36
7602,42.0,155
7603,48.0,24
7607,40.0,9
7608,29.0,92
7609,13.0,1
7610,30.0,2
7611,19.0,7
7612,24.0,53
7613,28.0,19
7614,33.0,203
7615,55.0,67
7616,70.0,360
7617,79.0,61
7618,19.0,6
7619,34.0,11
7620,29.0,210
7621,29.0,161
7622,24.0,74
7623,25.0,7
7624,17.0,4
7625,17.0,25
7626,48.0,172
7627,25.0,6
7628,22.0,2
7629,13.0,5
7630,18.0,4
7634,60.0,158
7635,75.0,508
7636,31.0,693
7637,16.0,221
7638,50.0,572
7639,54.0,827
7640,33.0,175
7641,35.0,257
7642,21.0,867
7643,29.0,434
7644,34.0,214
7645,30.0,39
7646,20.0,36
7647,14.0,15
7648,44.0,282
7649,48.0,5
7650,39.0,41
7651,27.0,95
7652,24.0,97
7653,22.0,333
7654,17.0,96
7655,19.0,13
7656,50.0,417
7657,43.0,26
7658,27.0,22
7659,24.0,93
7660,18.0,184
7661,18.0,120
7662,20.0,32
7663,27.0,17
7664,18.0,88
7665,25.0,419
7666,26.0,486
7667,40.0,176
7668,24.0,53
7669,52.0,17
7670,40.0,100
7671,19.0,132
7672,27.0,406
7673,29.0,102
7677,37.0,59
7678,30.0,172
7679,19.0,11
7682,8.0,2
7683,39.0,120
7684,61.0,890
7685,31.0,123
7686,32.0,88
7687,44.0,74
7688,33.0,118
7689,28.0,44
7690,32.0,54
7691,24.0,207
7692,26.0,94
7693,16.0,7
7694,36.0,7
7695,26.0,3
7696,46.0,79
7697,34.0,11
7700,13.0,2
7702,31.0,68
7703,55.0,18
7704,57.0,45
7705,39.0,59
7706,35.0,50
7708,37.0,92
7709,48.0,56
7710,23.0,17
7711,33.0,12
7712,39.0,27
7713,25.0,26
7714,42.0,120
7715,43.0,7
7716,67.0,516
7717,55.0,23
7718,74.0,12
7719,83.0,73
7720,33.0,259
7721,26.0,8
7722,17.0,5
7723,16.0,4
7724,16.0,10
7725,26.0,6
7726,61.0,119
7727,94.0,1
7729,18.0,14
7730,22.0,3
7731,45.0,22
7732,47.0,13
7733,75.0,284
7734,77.0,467
7735,20.0,172
7736,25.0,419
7737,13.0,156
7738,19.0,75
7739,55.0,239
7740,56.0,967
7741,39.0,281
7742,32.0,211
7743,19.0,26
7744,45.0,153
7745,53.0,281
7746,34.0,414
7747,27.0,932
7748,29.0,46
7749,11.0,14
7751,28.0,30
7752,24.0,65
7753,16.0,604
7754,20.0,302
7755,58.0,416
7756,56.0,59
7757,48.0,34
7759,16.0,20
7760,24.0,134
7761,31.0,17
7762,28.0,3
7763,14.0,4
7764,21.0,19
7765,28.0,396
7766,53.0,229
7767,34.0,180
7768,33.0,188
7769,33.0,151
7770,39.0,140
7771,26.0,58
7772,30.0,421
7773,29.0,109
7774,18.0,35
7776,26.0,1
7777,31.0,199
7778,33.0,103
7779,39.0,1
7780,44.0,1
7782,15.0,1
7783,49.0,802
7784,68.0,274
7785,23.0,118
7786,34.0,157
7787,35.0,64
7788,21.0,63
7789,25.0,100
7790,28.0,107
7791,33.0,56
7792,26.0,37
7793,30.0,65
7794,30.0,49
7795,43.0,98
7796,50.0,24
7797,31.0,1
7798,32.0,2
7801,42.0,59
7802,35.0,6
7805,44.0,29
7806,47.0,21
7809,43.0,75
7810,34.0,70
7811,22.0,123
7812,20.0,98
7813,36.0,84
7814,52.0,31
7815,32.0,11
7816,53.0,175
7817,59.0,473
7818,53.0,230
7819,35.0,51
7820,39.0,138
7821,21.0,36
7822,22.0,15
7823,22.0,39
7824,30.0,29
7825,23.0,94
7826,16.0,52
7827,65.0,136
7828,28.0,58
7829,28.0,117
7830,24.0,167
7831,30.0,125
7832,75.0,440
7833,80.0,311
7835,30.0,347
7836,17.0,496
7837,18.0,294
7838,17.0,26
7839,24.0,3
7841,58.0,742
7842,61.0,615
7846,35.0,80
7847,37.0,179
7848,39.0,219
7849,39.0,251
7850,36.0,263
7851,25.0,320
7852,37.0,138
7853,30.0,141
7854,38.0,777
7855,21.0,541
7856,28.0,12
7857,41.0,20
7860,20.0,42
7861,29.0,135
7862,28.0,7
7864,45.0,51
7865,37.0,254
7866,24.0,620
7867,30.0,493
7868,31.0,75
7869,29.0,50
7870,40.0,96
7871,35.0,199
7872,30.0,572
7873,18.0,75
7874,16.0,37
7876,17.0,2
7877,44.0,84
7878,26.0,178
7879,33.0,39
7880,9.0,3
7883,55.0,1023
7884,31.0,67
7885,38.0,105
7886,16.0,20
7887,30.0,174
7888,20.0,109
7889,24.0,95
7890,26.0,112
7891,25.0,109
7892,29.0,14
7893,16.0,1
7894,59.0,20
7895,51.0,49
7899,27.0,2
7900,18.0,20
7901,41.0,13
7905,40.0,146
7906,48.0,49
7907,38.0,98
7908,26.0,111
7909,24.0,107
7910,19.0,142
7911,15.0,343
7912,23.0,360
7913,36.0,131
7914,41.0,86
7916,58.0,115
7917,67.0,422
7918,33.0,205
7919,30.0,551
7920,35.0,66
7921,28.0,82
7922,20.0,30
7923,51.0,51
7924,42.0,49
7925,27.0,57
7926,23.0,23
7927,75.0,127
7928,38.0,118
7929,23.0,82
7930,26.0,32
7931,74.0,653
7932,60.0,219
7933,34.0,6
7934,41.0,84
7935,39.0,174
7936,25.0,222
7937,26.0,119
7938,16.0,7
7939,7.0,6
7940,41.0,171
7941,47.0,29
7942,59.0,281
7943,58.0,916
7944,50.0,131
7945,57.0,16
7946,40.0,197
7947,38.0,10
7948,40.0,2
7949,8.0,28
7950,25.0,112
7951,25.0,247
7952,24.0,399
7953,56.0,466
7954,37.0,159
7955,18.0,349
7956,28.0,324
7957,37.0,124
7958,8.0,5
7960,2.0,4
7961,25.0,186
7962,24.0,4
7963,56.0,75
7964,44.0,262
7965,26.0,55
7966,22.0,135
7967,49.0,278
7968,33.0,267
7969,19.0,80
7970,17.0,12
7971,31.0,19
7972,19.0,307
7973,25.0,843
7974,28.0,258
7975,10.0,1
7977,25.0,234
7978,36.0,42
7979,33.0,271
7980,21.0,63
7982,20.0,10
7983,58.0,882
7984,55.0,189
7985,25.0,318
7986,27.0,69
7987,18.0,193
7988,20.0,382
7989,25.0,183
7990,27.0,191
7991,28.0,51
7992,21.0,163
7993,17.0,3
7994,46.0,93
7996,11.0,4
7997,23.0,1
8000,18.0,34
8005,49.0,75
8006,15.0,109
8007,24.0,53
8008,24.0,180
8009,24.0,112
8010,18.0,145
8011,16.0,226
8012,19.0,289
8013,23.0,102
8014,36.0,16
8015,51.0,41
8016,63.0,220
8017,74.0,242
8018,48.0,49
8019,43.0,213
8020,28.0,3
8021,53.0,51
8022,42.0,75
8023,55.0,20
8024,35.0,24
8025,38.0,19
8026,43.0,67
8027,60.0,218
8028,67.0,61
8029,70.0,240
8030,72.0,663
8031,52.0,33
8032,36.0,97
8033,34.0,108
8034,26.0,455
8035,17.0,139
8036,20.0,255
8037,39.0,1
8039,44.0,36
8040,50.0,79
8042,41.0,20
8043,38.0,36
8044,65.0,742
8045,68.0,397
8046,26.0,322
8047,46.0,9
8048,35.0,6
8049,15.0,39
8050,23.0,71
8051,23.0,499
8052,61.0,388
8053,51.0,179
8054,20.0,128
8055,16.0,88
8056,20.0,17
8057,44.0,172
8058,63.0,105
8059,65.0,115
8060,44.0,182
8061,29.0,325
8062,60.0,158
8063,59.0,86
8064,39.0,182
8065,18.0,27
8066,18.0,56
8067,34.0,445
8068,33.0,218
8069,5.0,1
8072,13.0,63
8073,24.0,933
8074,28.0,437
8075,36.0,366
8076,32.0,50
8077,35.0,171
8078,13.0,14
8079,32.0,76
8080,32.0,111
8081,27.0,496
8082,36.0,420
8083,45.0,979
8084,52.0,734
8085,47.0,673
8086,19.0,25
8087,18.0,192
8088,18.0,151
8089,23.0,113
8090,26.0,92
8091,32.0,164
8092,21.0,261
8093,29.0,210
8094,30.0,210
8095,43.0,127
8096,50.0,98
8097,48.0,93
8098,52.0,95
8099,51.0,90
8100,29.0,301
8101,46.0,15
8102,37.0,14
8104,56.0,3
8105,54.0,58
8106,24.0,41
8107,24.0,94
8108,23.0,68
8109,25.0,110
8110,16.0,168
8111,11.0,24
8112,19.0,253
8113,21.0,182
8114,33.0,124
8115,63.0,253
8116,34.0,114
8117,80.0,226
8118,46.0,83
8119,26.0,363
8120,35.0,173
8121,38.0,159
8122,37.0,149
8123,31.0,163
8124,52.0,97
8125,38.0,102
8126,29.0,51
8127,46.0,26
8128,74.0,636
8129,72.0,471
8130,64.0,170
8131,57.0,232
8132,39.0,297
8133,28.0,532
8134,39.0,341
8135,33.0,408
8136,36.0,184
8137,37.0,89
8138,28.0,255
8139,35.0,210
8140,33.0,44
8141,19.0,41
8142,32.0,109
8143,28.0,90
8144,22.0,56
8145,56.0,400
8146,59.0,997
8147,46.0,94
8148,4.0,1
8149,16.0,77
8150,21.0,97
8151,36.0,904
8152,42.0,281
8153,20.0,51
8154,18.0,73
8155,19.0,72
8156,30.0,93
8157,29.0,245
8158,56.0,18
8159,26.0,28
8160,21.0,49
8161,23.0,85
8162,22.0,13
8163,48.0,168
8166,14.0,8
8167,47.0,92
8168,44.0,322
8169,31.0,242
8170,29.0,43
8171,36.0,54
8172,26.0,17
8173,29.0,678
8174,21.0,158
8175,29.0,309
8176,30.0,588
8177,27.0,436
8178,41.0,79
8179,28.0,183
8180,39.0,100
8181,45.0,229
8182,29.0,39
8183,57.0,452
8184,25.0,50
8185,38.0,1271
8186,38.0,373
8187,19.0,185
8188,18.0,185
8189,18.0,297
8190,18.0,222
8191,24.0,173
8192,30.0,62
8193,22.0,117
8194,27.0,74
8195,24.0,34
8196,5.0,4
8199,29.0,57
8200,39.0,93
8202,38.0,7
8203,33.0,20
8204,38.0,84
8205,36.0,44
8206,30.0,39
8207,30.0,87
8208,28.0,70
8209,25.0,106
8210,15.0,254
8211,19.0,536
8212,27.0,155
8213,19.0,239
8214,61.0,151
8215,57.0,159
8216,39.0,75
8217,96.0,129
8218,35.0,53
8219,22.0,123
8220,20.0,128
8221,27.0,57
8222,38.0,53
8226,66.0,6
8227,79.0,481
8228,72.0,185
8229,72.0,97
8230,73.0,7
8231,25.0,12
8232,16.0,200
8233,30.0,624
8234,36.0,24
8235,27.0,101
8236,44.0,329
8237,10.0,8
8238,35.0,196
8239,29.0,10
8240,23.0,40
8241,19.0,70
8242,19.0,183
8243,16.0,86
8244,19.0,147
8245,32.0,138
8246,35.0,84
8247,72.0,765
8248,65.0,395
8249,48.0,81
8250,26.0,243
8251,43.0,889
8252,28.0,54
8253,33.0,41
8254,22.0,9
8256,49.0,61
8258,52.0,8
8259,35.0,11
8260,38.0,2
8261,30.0,63
8262,23.0,82
8263,32.0,243
8267,46.0,1
8268,60.0,250
8269,29.0,287
8270,44.0,207
8271,33.0,362
8272,27.0,670
8273,26.0,462
8274,18.0,116
8275,20.0,144
8276,38.0,171
8277,41.0,139
8278,38.0,97
8279,44.0,27
8280,27.0,275
8281,28.0,306
8282,38.0,110
8283,60.0,189
8284,63.0,273
8285,13.0,75
8286,52.0,750
8287,60.0,312
8288,17.0,52
8289,19.0,194
8290,23.0,159
8291,19.0,76
8292,24.0,83
8293,24.0,142
8294,26.0,91
8295,21.0,37
8296,14.0,10
8299,42.0,129
8300,33.0,7
8301,46.0,2
8302,42.0,48
8303,28.0,100
8304,31.0,202
8305,45.0,7
8306,36.0,142
8307,25.0,232
8308,20.0,359
8309,22.0,341
8310,21.0,589
8311,28.0,110
8312,34.0,60
8313,46.0,99
8314,52.0,277
8315,31.0,47
8316,22.0,17
8317,87.0,145
8318,32.0,71
8319,38.0,47
8320,27.0,149
8321,34.0,85
8322,50.0,68
8325,85.0,115
8326,88.0,440
8327,95.0,20
8331,30.0,14
8332,28.0,379
8333,32.0,72
8335,34.0,62
8336,27.0,22
8337,38.0,401
8338,39.0,158
8339,32.0,141
8340,27.0,168
8341,26.0,234
8342,21.0,152
8343,19.0,108
8344,21.0,26
8345,27.0,200
8346,40.0,58
8347,40.0,68
8348,72.0,423
8349,67.0,680
8350,30.0,358
8351,43.0,831
8352,38.0,232
8353,27.0,7
8356,45.0,66
8358,22.0,63
8359,32.0,29
8360,27.0,23
8361,21.0,132
8362,15.0,102
8363,33.0,374
8364,54.0,157
8365,47.0,187
8366,36.0,213
8367,38.0,266
8368,27.0,905
8369,28.0,786
8370,38.0,110
8371,18.0,123
8372,13.0,210
8373,23.0,278
8374,19.0,397
8375,17.0,107
8376,17.0,116
8377,30.0,256
8378,29.0,121
8379,28.0,458
8380,29.0,140
8381,24.0,139
8382,23.0,50
8383,11.0,10
8384,65.0,354
8385,38.0,53
8386,37.0,109
8387,62.0,309
8388,63.0,582
8389,32.0,99
8390,23.0,114
8391,29.0,56
8392,27.0,19
8393,39.0,152
8394,25.0,33
8395,27.0,8
8399,40.0,116
8400,12.0,1
8401,36.0,73
8402,25.0,76
8403,24.0,187
8404,26.0,300
8405,38.0,165
8406,38.0,28
8407,30.0,57
8408,22.0,135
8409,31.0,97
8410,17.0,6
8411,37.0,123
8412,24.0,48
8413,59.0,293
8414,28.0,54
8415,41.0,38
8416,87.0,83
8417,93.0,66
8418,4.0,2
8420,38.0,59
8421,42.0,9
8422,45.0,124
8423,52.0,48
8424,89.0,237
8425,92.0,301
8426,39.0,16
8431,24.0,6
8432,34.0,341
8433,31.0,1
8435,50.0,46
8437,26.0,495
8438,43.0,197
8440,14.0,5
8441,24.0,162
8442,13.0,94
8443,20.0,20
8444,23.0,53
8445,28.0,201
8446,13.0,13
8447,15.0,19
8448,7.0,1
8449,55.0,107
8450,51.0,1185
8451,55.0,830
8452,44.0,641
8453,34.0,252
8454,42.0,204
8455,28.0,286
8456,37.0,106
8457,18.0,4
8458,31.0,42
8459,22.0,37
8460,29.0,34
8461,20.0,155
8462,20.0,75
8463,30.0,198
8465,18.0,1
8466,17.0,5
8468,27.0,33
8469,41.0,589
8470,27.0,153
8471,19.0,255
8472,16.0,317
8473,20.0,269
8474,19.0,706
8475,20.0,315
8476,18.0,156
8477,20.0,387
8478,29.0,449
8479,35.0,82
8480,27.0,149
8481,13.0,10
8482,7.0,18
8483,9.0,1
8484,69.0,364
8485,44.0,66
8486,29.0,15
8487,47.0,22
8488,25.0,262
8489,67.0,568
8490,61.0,252
8491,26.0,114
8492,47.0,33
8493,31.0,129
8494,28.0,54
8495,38.0,11
8498,44.0,97
8499,39.0,11
8502,9.0,48
8503,28.0,188
8504,34.0,105
8505,26.0,60
8506,33.0,50
8507,15.0,7
8508,26.0,107
8509,19.0,105
8510,41.0,17
8511,32.0,105
8512,38.0,357
8513,58.0,91
8514,4.0,1
8515,40.0,28
8516,78.0,166
8517,59.0,11
8519,15.0,1
8520,39.0,52
8523,92.0,470
8524,70.0,328
8525,45.0,98
8526,21.0,28
8530,91.0,1
8531,42.0,275
8532,12.0,7
8535,39.0,64
8536,37.0,149
8537,36.0,18
8538,46.0,89
8539,34.0,287
8540,26.0,138
8541,25.0,161
8542,29.0,106
8543,36.0,116
8544,31.0,206
8545,38.0,91
8550,36.0,353
8551,51.0,1049
8552,68.0,494
8553,32.0,103
8554,36.0,52
8555,24.0,175
8556,37.0,183
8557,45.0,195
8558,29.0,170
8559,21.0,193
8560,18.0,242
8561,21.0,48
8562,32.0,122
8563,31.0,109
8567,21.0,1
8568,15.0,1
8569,43.0,526
8570,17.0,58
8571,20.0,162
8572,16.0,221
8573,20.0,69
8574,28.0,179
8575,33.0,112
8576,21.0,320
8577,26.0,123
8578,27.0,411
8579,35.0,95
8580,37.0,18
8582,16.0,2
8583,68.0,201
8584,71.0,179
8585,39.0,65
8586,37.0,8
8587,33.0,29
8588,24.0,192
8589,15.0,96
8590,63.0,326
8591,57.0,663
8592,60.0,497
8593,58.0,544
8594,67.0,458
8595,66.0,454
8596,68.0,416
8597,70.0,445
8598,62.0,158
8601,28.0,49
8602,38.0,89
8603,29.0,85
8604,63.0,89
8605,38.0,256
8606,44.0,247
8607,53.0,196
8608,27.0,616
8609,42.0,285
8610,41.0,310
8611,30.0,587
8612,42.0,93
8613,24.0,4
8616,62.0,236
8617,56.0,10
8618,24.0,2
8619,33.0,17
8620,36.0,47
8621,82.0,93
8622,93.0,427
8623,95.0,56
8624,43.0,66
8625,35.0,8
8626,49.0,59
8627,58.0,55
8628,33.0,95
8629,55.0,1
8630,27.0,68
8631,36.0,245
8632,21.0,12
8633,33.0,58
8634,32.0,58
8635,26.0,80
8636,32.0,111
8637,25.0,128
8638,17.0,38
8639,24.0,181
8640,32.0,379
8641,9.0,8
8642,25.0,20
8643,38.0,105
8644,59.0,23
8647,5.0,1
8648,17.0,2
8649,30.0,70
8650,49.0,404
8651,49.0,77
8652,46.0,202
8653,64.0,594
8654,61.0,396
8655,23.0,265
8656,18.0,11
8657,53.0,60
8658,22.0,24
8659,21.0,70
8660,21.0,140
8661,27.0,52
8662,33.0,179
8663,37.0,5
8669,41.0,232
8670,43.0,377
8671,19.0,224
8672,19.0,188
8673,20.0,214
8674,19.0,361
8675,21.0,604
8676,26.0,134
8677,39.0,104
8678,21.0,3
8679,48.0,168
8680,55.0,1
8683,72.0,331
8685,31.0,70
8686,34.0,58
8687,9.0,2
8688,21.0,142
8689,22.0,49
8690,35.0,29
8691,41.0,29
8692,36.0,223
8693,13.0,3
8695,38.0,34
8697,35.0,19
8698,53.0,120
8701,31.0,466
8702,53.0,215
8703,66.0,121
8704,70.0,22
8705,23.0,30
8706,14.0,3
8708,38.0,193
8710,15.0,7
8711,31.0,164
8716,37.0,405
8717,51.0,6
8718,26.0,76
8719,21.0,137
8720,91.0,220
8721,96.0,308
8723,29.0,8
8724,35.0,98
8725,37.0,8
8728,46.0,74
8729,36.0,29
8730,26.0,443
8731,24.0,99
8732,27.0,159
8733,22.0,166
8734,21.0,151
8735,21.0,229
8736,24.0,247
8737,20.0,258
8738,31.0,159
8739,25.0,168
8740,29.0,122
8741,43.0,332
8742,56.0,217
8743,50.0,113
8744,56.0,27
8748,21.0,2
8749,46.0,100
8750,52.0,325
8751,29.0,68
8752,24.0,50
8753,28.0,76
8754,47.0,377
8755,61.0,626
8756,78.0,431
8757,41.0,109
8758,25.0,4
8759,22.0,137
8760,27.0,53
8761,22.0,18
8762,34.0,147
8763,41.0,1
8769,31.0,67
8770,46.0,487
8771,21.0,109
8772,23.0,42
8773,17.0,269
8774,16.0,310
8775,21.0,142
8776,23.0,251
8779,45.0,24
8780,52.0,146
8783,70.0,299
8785,46.0,26
8786,34.0,37
8787,17.0,7
8788,23.0,138
8789,27.0,12
8790,34.0,9
8791,20.0,2
8792,27.0,99
8793,22.0,183
8794,29.0,25
8801,25.0,91
8802,19.0,34
8803,28.0,15
8805,32.0,24
8807,50.0,11
8808,43.0,111
8811,37.0,184
8812,17.0,2
8813,17.0,1
8816,75.0,134
8817,78.0,60
8818,36.0,43
8819,90.0,384
8820,86.0,243
8821,15.0,9
8822,39.0,57
8823,32.0,91
8824,32.0,66
8825,26.0,81
8826,20.0,1
8828,41.0,88
8829,32.0,196
8830,29.0,116
8832,37.0,34
8834,29.0,53
8835,22.0,171
8836,17.0,117
8837,21.0,88
8838,23.0,82
8839,27.0,99
8840,12.0,5
8841,30.0,7
8842,42.0,2
8843,60.0,131
8844,69.0,158
8845,75.0,144
8846,78.0,39
8847,20.0,1
8849,41.0,118
8850,55.0,350
8851,26.0,154
8852,25.0,67
8853,11.0,29
8854,24.0,122
8855,27.0,115
8856,52.0,38
8857,80.0,435
8858,66.0,573
8859,52.0,554
8860,45.0,101
8861,28.0,49
8862,35.0,145
8869,26.0,117
8870,25.0,1020
8871,35.0,217
8872,27.0,31
8873,15.0,221
8874,18.0,334
8875,21.0,400
8876,22.0,119
8877,29.0,41
8880,58.0,62
8881,45.0,98
8883,63.0,347
8885,34.0,36
8886,25.0,78
8887,18.0,31
8888,33.0,83
8889,29.0,3
8890,30.0,14
8891,9.0,2
8892,23.0,64
8893,24.0,43
8901,23.0,170
8902,19.0,40
8903,35.0,53
8904,28.0,11
8905,41.0,7
8907,52.0,134
8908,70.0,1
8909,12.0,15
8910,4.0,13
8911,25.0,168
8912,35.0,125
8913,44.0,60
8914,10.0,11
8915,39.0,6
8916,43.0,46
8917,68.0,316
8918,85.0,472
8919,89.0,66
8920,43.0,19
8921,38.0,54
8922,31.0,75
8923,26.0,31
8924,23.0,28
8925,23.0,175
8926,25.0,120
8927,51.0,24
8928,35.0,143
8929,29.0,417
8930,26.0,6
8931,32.0,33
8932,37.0,11
8933,9.0,1
8934,27.0,35
8935,21.0,154
8936,17.0,35
8937,23.0,6
8938,27.0,27
8939,27.0,90
8940,31.0,34
8941,28.0,40
8942,37.0,18
8943,24.0,20
8944,29.0,72
8945,6.0,6
8946,77.0,115
8947,21.0,3
8948,9.0,1
8949,46.0,94
8950,36.0,131
8951,53.0,299
8952,32.0,73
8953,28.0,173
8954,28.0,192
8955,25.0,276
8956,32.0,66
8957,29.0,32
8958,32.0,86
8959,52.0,289
8960,78.0,473
8961,74.0,510
8962,47.0,446
8963,42.0,169
8964,40.0,106
8965,37.0,2
8968,11.0,101
8969,22.0,297
8970,29.0,218
8971,35.0,600
8972,38.0,633
8973,29.0,486
8974,21.0,237
8975,22.0,233
8976,22.0,88
8977,24.0,103
8978,34.0,41
8979,57.0,30
8980,56.0,29
8981,28.0,240
8982,30.0,216
8983,47.0,612
8985,34.0,29
8986,23.0,80
8987,27.0,54
8988,34.0,88
8989,1.0,3
8990,20.0,3
9001,33.0,54
9002,23.0,55
9003,33.0,53
9004,44.0,22
9005,40.0,16
9006,44.0,6
9007,36.0,250
9008,44.0,77
9009,34.0,75
9010,30.0,85
9011,27.0,109
9012,20.0,90
9013,33.0,175
9014,49.0,47
9015,43.0,57
9016,47.0,529
9017,45.0,1098
9019,35.0,6
9020,33.0,51
9021,33.0,10
9022,25.0,74
9023,15.0,17
9024,25.0,25
9025,32.0,108
9026,30.0,36
9027,23.0,35
9028,43.0,301
9029,33.0,2
9030,38.0,105
9031,29.0,203
9032,25.0,160
9033,29.0,149
9034,28.0,188
9035,23.0,210
9036,38.0,91
9037,26.0,111
9038,23.0,80
9039,40.0,20
9040,40.0,62
9041,52.0,33
9042,56.0,36
9043,36.0,77
9044,23.0,118
9045,25.0,22
9046,73.0,182
9047,32.0,12
9048,23.0,119
9049,33.0,110
9050,21.0,112
9051,45.0,434
9052,9.0,4
9053,37.0,19
9054,13.0,4
9055,20.0,185
9056,25.0,64
9057,24.0,262
9058,24.0,154
9059,27.0,74
9060,28.0,32
9061,30.0,2
9062,79.0,280
9063,80.0,441
9064,63.0,674
9065,66.0,593
9066,69.0,521
9067,68.0,496
9068,66.0,562
9069,55.0,746
9070,48.0,508
9071,30.0,110
9072,19.0,402
9073,30.0,1122
9074,36.0,756
9075,35.0,353
9076,33.0,25
9077,11.0,18
9078,32.0,142
9081,40.0,49
9082,26.0,931
9083,45.0,566
9084,39.0,49
9085,21.0,87
9086,13.0,106
9087,26.0,44
9088,31.0,75
9101,26.0,19
9102,37.0,41
9103,26.0,35
9104,53.0,16
9107,38.0,198
9111,28.0,14
9112,18.0,3
9113,35.0,82
9114,47.0,88
9115,79.0,540
9116,69.0,465
9117,75.0,48
9118,49.0,2
9119,38.0,17
9120,39.0,41
9121,17.0,11
9122,26.0,105
9123,17.0,156
9124,25.0,61
9125,34.0,65
9126,27.0,37
9127,53.0,166
9128,55.0,36
9131,10.0,30
9132,15.0,5
9133,32.0,2
9134,32.0,121
9136,26.0,11
9137,24.0,3
9138,5.0,1
9143,38.0,1
9144,28.0,305
9145,54.0,201
9146,43.0,141
9147,37.0,15
9148,25.0,197
9149,19.0,19
9150,18.0,29
9151,56.0,307
9152,34.0,26
9153,26.0,42
9154,14.0,3
9155,23.0,128
9156,18.0,78
9157,15.0,196
9158,21.0,223
9159,23.0,21
9160,32.0,26
9161,34.0,51
9162,25.0,48
9163,23.0,73
9164,31.0,219
9165,23.0,107
9166,48.0,45
9167,39.0,84
9168,32.0,84
9169,25.0,136
9170,49.0,474
9171,63.0,512
9172,54.0,759
9173,64.0,556
9174,56.0,548
9175,37.0,773
9176,39.0,405
9177,58.0,76
9178,28.0,276
9179,38.0,62
9180,50.0,72
9181,44.0,322
9182,32.0,245
9183,45.0,78
9184,39.0,335
9185,28.0,18
9186,27.0,109
9187,46.0,36
9202,36.0,59
9203,9.0,3
9204,32.0,15
9205,33.0,20
9206,29.0,111
9207,36.0,90
9211,22.0,2
9212,10.0,1
9213,87.0,63
9214,76.0,800
9215,84.0,151
9216,28.0,1
9217,31.0,1
9218,31.0,19
9219,40.0,80
9220,36.0,103
9221,43.0,58
9222,23.0,237
9223,24.0,234
9224,42.0,92
9225,30.0,200
9226,33.0,166
9227,43.0,168
9233,38.0,114
9234,15.0,33
9242,40.0,61
9243,32.0,107
9244,26.0,106
9245,74.0,115
9246,53.0,11
9247,50.0,40
9248,24.0,233
9249,14.0,3
9250,14.0,6
9251,63.0,215
9252,24.0,17
9253,27.0,22
9255,25.0,99
9256,21.0,53
9257,21.0,170
9258,20.0,107
9259,21.0,80
9260,25.0,78
9261,24.0,102
9262,36.0,21
9263,23.0,5
9264,29.0,244
9265,19.0,107
9266,25.0,106
9267,20.0,104
9268,19.0,132
9269,17.0,302
9270,17.0,288
9271,16.0,185
9272,24.0,357
9273,21.0,54
9274,25.0,60
9275,54.0,493
9276,52.0,1059
9277,57.0,558
9278,56.0,584
9279,40.0,930
9280,51.0,181
9282,13.0,14
9283,27.0,287
9284,23.0,399
9285,41.0,273
9286,19.0,59
9301,37.0,7
9302,36.0,68
9303,46.0,6
9304,33.0,15
9305,28.0,60
9306,30.0,265
9312,95.0,227
9313,94.0,478
9314,33.0,207
9315,49.0,52
9316,30.0,8
9317,23.0,44
9318,22.0,62
9319,29.0,151
9320,28.0,52
9321,27.0,56
9322,27.0,77
9323,28.0,24
9324,45.0,30
9325,33.0,272
9326,31.0,371
9327,49.0,14
9331,42.0,10
9332,44.0,26
9333,54.0,62
9334,32.0,10
9342,46.0,69
9343,35.0,42
9344,39.0,21
9345,78.0,115
9348,22.0,192
9349,32.0,12
9350,44.0,6
9351,62.0,240
9352,58.0,68
9353,35.0,10
9354,23.0,79
9355,24.0,125
9356,30.0,10
9357,40.0,49
9358,23.0,117
9359,25.0,88
9360,29.0,33
9361,28.0,23
9362,29.0,53
9363,25.0,66
9364,36.0,139
9365,24.0,34
9366,20.0,34
9367,20.0,124
9368,20.0,165
9369,18.0,206
9370,16.0,49
9371,15.0,101
9372,24.0,315
9373,39.0,37
9374,44.0,17
9375,13.0,1
9376,53.0,501
9377,40.0,352
9378,42.0,326
9379,32.0,343
9380,38.0,1044
9381,67.0,317
9382,71.0,349
9383,42.0,742
9384,44.0,361
9385,52.0,182
9386,35.0,58
9387,10.0,1
9401,22.0,40
9402,22.0,141
9403,40.0,35
9404,32.0,18
9405,22.0,68
9406,30.0,219
9407,14.0,5
9408,14.0,18
9411,92.0,377
9412,95.0,294
9414,41.0,106
9415,55.0,20
9416,57.0,56
9417,33.0,123
9418,34.0,137
9419,25.0,77
9420,23.0,9
9421,12.0,30
9422,21.0,151
9423,42.0,44
9424,42.0,55
9425,45.0,191
9426,40.0,61
9427,53.0,8
9428,31.0,88
9429,18.0,20
9430,38.0,35
9431,44.0,23
9433,50.0,33
9434,36.0,68
9441,62.0,1
9442,49.0,51
9443,35.0,55
9444,25.0,4
9445,70.0,183
9446,32.0,48
9447,35.0,31
9448,36.0,86
9449,20.0,5
9450,32.0,14
9451,48.0,86
9452,56.0,473
9454,28.0,95
9455,32.0,59
9456,27.0,125
9457,28.0,21
9458,33.0,109
9459,24.0,19
9460,30.0,19
9461,22.0,31
9462,49.0,5
9463,38.0,158
9464,31.0,47
9465,24.0,53
9466,26.0,35
9467,18.0,112
9468,16.0,100
9469,22.0,167
9470,17.0,50
9471,21.0,55
9472,27.0,261
9473,34.0,44
9474,39.0,58
9475,28.0,106
9476,44.0,611
9477,47.0,159
9478,37.0,186
9479,33.0,126
9480,23.0,369
9481,23.0,96
9484,54.0,284
9485,43.0,577
9486,30.0,766
9487,53.0,158
9501,18.0,42
9502,36.0,15
9503,37.0,8
9504,32.0,70
9505,28.0,129
9506,33.0,208
9507,36.0,26
9508,37.0,41
9509,59.0,32
9510,88.0,620
9511,78.0,198
9514,51.0,95
9517,27.0,51
9518,28.0,65
9519,45.0,30
9520,47.0,24
9521,15.0,36
9522,28.0,60
9523,13.0,2
9524,57.0,110
9525,60.0,50
9526,45.0,50
9528,36.0,34
9529,39.0,45
9534,44.0,70
9535,28.0,188
9536,45.0,80
9537,58.0,71
9538,50.0,76
9539,49.0,86
9540,51.0,83
9541,34.0,180
9542,32.0,74
9543,20.0,148
9544,31.0,26
9545,22.0,10
9546,74.0,156
9547,56.0,282
9548,75.0,152
9549,76.0,161
9550,64.0,208
9551,51.0,283
9552,55.0,270
9553,47.0,568
9554,50.0,106
9555,31.0,37
9556,26.0,178
9557,53.0,73
9558,39.0,166
9559,23.0,9
9560,21.0,13
9561,15.0,19
9563,47.0,91
9564,28.0,54
9565,31.0,89
9566,33.0,93
9567,24.0,193
9568,11.0,21
9569,24.0,94
9570,28.0,96
9571,24.0,69
9572,32.0,261
9573,38.0,2
9574,33.0,40
9575,43.0,34
9576,36.0,92
9577,46.0,636
9578,40.0,18
9579,37.0,20
9581,15.0,1
9601,1.0,1
9602,78.0,1
9603,61.0,34
9604,57.0,72
9605,27.0,254
9606,27.0,413
9607,33.0,257
9608,67.0,357
9609,90.0,596
9610,31.0,31
9611,16.0,2
9612,62.0,1
9613,54.0,65
9614,32.0,250
9615,52.0,61
9617,17.0,55
9621,50.0,16
9622,35.0,69
9623,38.0,162
9624,36.0,186
9625,50.0,25
9626,50.0,19
9629,32.0,25
9635,52.0,49
9638,15.0,11
9639,60.0,14
9642,27.0,127
9643,24.0,73
9644,19.0,167
9645,30.0,60
9646,38.0,40
9647,27.0,175
9648,23.0,4
9649,27.0,8
9650,17.0,31
9651,21.0,92
9652,28.0,75
9653,28.0,100
9654,51.0,442
9655,53.0,393
9656,31.0,104
9657,19.0,23
9658,30.0,159
9659,43.0,79
9660,60.0,61
9661,63.0,12
9662,42.0,52
9663,29.0,76
9664,30.0,28
9665,17.0,28
9666,26.0,77
9667,20.0,127
9668,22.0,187
9669,26.0,278
9670,47.0,59
9671,44.0,71
9672,28.0,317
9673,25.0,136
9674,37.0,52
9675,43.0,51
9676,45.0,259
9677,41.0,828
9678,59.0,212
9679,59.0,147
9701,65.0,54
9702,64.0,74
9703,62.0,27
9705,33.0,65
9706,29.0,247
9707,89.0,387
9708,84.0,473
9709,58.0,7
9710,70.0,51
9711,68.0,49
9712,66.0,66
9713,65.0,6
9715,59.0,39
9716,68.0,124
9717,62.0,117
9718,30.0,288
9719,60.0,65
9720,67.0,79
9721,59.0,81
9722,35.0,131
9723,23.0,697
9724,19.0,59
9725,54.0,43
9730,35.0,19
9731,18.0,8
9735,47.0,77
9738,64.0,14
9741,23.0,5
9742,30.0,68
9743,24.0,21
9744,34.0,34
9745,26.0,29
9746,40.0,14
9747,29.0,136
9748,35.0,26
9749,30.0,36
9750,23.0,67
9751,32.0,23
9752,29.0,23
9753,27.0,11
9754,44.0,37
9755,51.0,221
9756,57.0,351
9757,51.0,121
9758,49.0,102
9759,35.0,96
9761,63.0,21
9762,40.0,123
9763,45.0,69
9764,37.0,31
9765,31.0,4
9766,22.0,68
9767,28.0,78
9768,24.0,56
9769,24.0,168
9770,23.0,15
9771,24.0,22
9772,52.0,127
9773,18.0,20
9775,64.0,30
9776,43.0,145
9777,39.0,404
9778,23.0,15
9779,47.0,26
9804,38.0,21
9805,33.0,73
9806,86.0,636
9807,90.0,187
9808,38.0,1
9813,26.0,1
9814,7.0,6
9818,28.0,245
9819,34.0,15
9820,33.0,24
9821,20.0,61
9822,25.0,292
9823,24.0,70
9824,45.0,100
9825,42.0,117
9830,23.0,11
9834,55.0,17
9835,43.0,90
9836,23.0,1
9837,12.0,9
9838,65.0,13
9842,35.0,37
9843,10.0,1
9844,47.0,9
9845,30.0,9
9846,32.0,16
9847,43.0,61
9848,33.0,9
9849,22.0,43
9850,20.0,45
9851,21.0,38
9852,23.0,43
9853,25.0,50
9854,36.0,108
9855,14.0,3
9856,67.0,256
9858,73.0,39
9859,58.0,243
9860,77.0,100
9864,52.0,27
9865,38.0,76
9866,26.0,135
9867,27.0,86
9868,20.0,107
9869,27.0,81
9870,30.0,99
9871,38.0,84
9872,28.0,255
9873,47.0,34
9874,79.0,127
9875,62.0,17
9878,28.0,3
9879,40.0,10
9901,46.0,115
9902,38.0,12
9903,29.0,4
9904,84.0,241
9905,92.0,551
9906,34.0,210
9907,37.0,29
9908,34.0,27
9909,31.0,1
9914,20.0,2
9915,46.0,2
9918,27.0,246
9919,39.0,32
9920,29.0,37
9921,24.0,121
9922,26.0,137
9923,22.0,51
9924,32.0,11
9925,35.0,175
9926,49.0,63
9930,24.0,7
9934,61.0,24
9935,39.0,58
9936,47.0,7
9937,46.0,15
9938,48.0,31
9940,19.0,4
9942,43.0,31
9944,36.0,58
9945,43.0,53
9946,35.0,119
9947,19.0,18
9948,28.0,16
9949,28.0,38
9950,21.0,63
9951,17.0,35
9952,30.0,16
9954,34.0,90
9955,51.0,130
9956,65.0,220
9957,38.0,21
9958,22.0,35
9959,38.0,28
9960,36.0,237
9961,72.0,169
9962,78.0,92
9965,19.0,32
9966,22.0,33
9967,22.0,110
9968,23.0,164
9969,33.0,87
9970,28.0,40
9971,40.0,7
9972,49.0,71
9973,76.0,42
9974,15.0,1
